Workbook

Sheet 지역별일일실적 →
A3: 1) 데이터 유실되지 않게 입력 잘 해주시고, 입력 다하셨으면 창을 내려두시는 것을 권장합니다.
A5: 2) 모든 시트의 날짜를 입력할 때 반드시 "월/일"(ex. 7/12) 로 입력하세요. 다른 형태(ex. 2023-7-12 등)로 입력하면 텍스트로 인식하여 수식이 깨져요.

Sheet 2024년12월
A2: 날짜 | B2: 담당 | C2: 상담(거리 및 내방) | G2: 조치 | P2: 조치후 사례관리
B3: 이름 | C3: 정신상담 | D3: 알콜상담 | E3: 기타상담 | F3: 소계 | G3: 자의입원 | H3: 응급입원 | I3: 보호진단 | J3: 시설입소 (노숙영역) | K3: 시설입소 (타복지영역) | L3: 지원주택 | M3: 주거지원 | N3: 물품제공 | O3: 기타 (귀가,외래등) | P3: 외래진료 | Q3: 병원방문 | R3: 주거지방문 | S3: 투약관리 | T3: 기타 (척도, 내방) | U3: 합계
A4: 45627 | B4: 조국일 | F4: =SUM(C4:E4) -> 0 | U4: =sum(G4:T4) -> 0
B5: 최리선 | F5: =SUM(C5:E5) -> 0 | U5: =sum(G5:T5) -> 0
B6: 안영호 | F6: =SUM(C6:E6) -> 0 | U6: =sum(G6:T6) -> 0
B7: 박상준 | E7: 1 | F7: =SUM(C7:E7) -> 1 | T7: 1 | U7: =sum(G7:T7) -> 1
B8: 오강현 | F8: =SUM(C8:E8) -> 0 | U8: =sum(G8:T8) -> 0
B9: 김영민 | C9: 0 | D9: 0 | E9: 0 | F9: =SUM(C9:E9) -> 0 | U9: =sum(G9:T9) -> 0
B10: 임종혁 | F10: =SUM(C10:E10) -> 0 | U10: =sum(G10:T10) -> 0
B11: 마명철 | F11: =SUM(C11:E11) -> 0 | U11: =sum(G11:T11) -> 0
B12: 일일누계 | C12: =SUM(C4:C11) -> 0 | D12: =SUM(D4:D11) -> 0 | E12: =SUM(E4:E11) -> 1 | F12: =SUM(F4:F11) -> 1 | G12: =SUM(G4:G11) -> 0 | H12: =SUM(H4:H11) -> 0 | I12: =SUM(I4:I11) -> 0 | J12: =SUM(J4:J11) -> 0 | ... T12: =SUM(T4:T11) -> 1 | U12: =sum(G12:T12) -> 1 | V12: 구분 | W12: 정신상담 | X12: 알콜상담 | Y12: 기타상담 | Z12: 소계 | AA12: 자의입원 | AB12: 응급입원 | AC12: 보호진단 | AD12: 시설입소(자활, 재활, 요양) | AE12: 시설입소(타복지시설) | AF12: 지원주택 | AG12: 주거지원 | AH12: 물품제공 | AI12: 기타(외래) | AJ12: 외래진료 | AK12: 병원방문 | AL12: 주거지방문 | AM12: 투약관리 | AN12: 기타(척도, 내방)
B13: 총누계 | C13: =SUM('2024년11월'!C313,C12) -> #REF! | D13: =SUM('2024년11월'!D313,D12) -> #REF! | E13: =SUM('2024년11월'!E313,E12) -> #REF! | F13: =SUM('2024년11월'!F313,F12) -> #REF! | G13: =SUM('2024년11월'!G313,G12) -> #REF! | H13: =SUM('2024년11월'!H313,H12) -> #REF! | I13: =SUM('2024년11월'!I313,I12) -> #REF! | J13: =SUM('2024년11월'!J313,J12) -> #REF! | ... U13: =SUM('2024년11월'!U313,U12) -> #REF! | V13: 11월 5주차 | W13: =SUM('2024년11월'!C244:C248,'2024년11월'!C254:C258,'2024년11월'!C264:C268,'2024년11월'!C274:C278,'2024년11월'!C284:C288,'2024년11월'!C294:C298,C4:C8) -> #REF! | X13: =SUM('2024년11월'!D244:D248,'2024년11월'!D254:D258,'2024년11월'!D264:D268,'2024년11월'!D274:D278,'2024년11월'!D284:D288,'2024년11월'!D294:D298,D4:D8) -> #REF! | Y13: =SUM('2024년11월'!E244:E248,'2024년11월'!E254:E258,'2024년11월'!E264:E268,'2024년11월'!E274:E278,'2024년11월'!E284:E288,'2024년11월'!E294:E298,E4:E8) -> #REF! | Z13: =SUM('2024년11월'!F244:F248,'2024년11월'!F254:F258,'2024년11월'!F264:F268,'2024년11월'!F274:F278,'2024년11월'!F284:F288,'2024년11월'!F294:F298,F4:F8) -> #REF! | AA13: =SUM('2024년11월'!G244:G248,'2024년11월'!G254:G258,'2024년11월'!G264:G268,'2024년11월'!G274:G278,'2024년11월'!G284:G288,'2024년11월'!G294:G298,G4:G8) -> #REF! | AB13: =SUM('2024년11월'!H244:H248,'2024년11월'!H254:H258,'2024년11월'!H264:H268,'2024년11월'!H274:H278,'2024년11월'!H284:H288,'2024년11월'!H294:H298,H4:H8) -> #REF! | AC13: =SUM('2024년11월'!I244:I248,'2024년11월'!I254:I258,'2024년11월'!I264:I268,'2024년11월'!I274:I278,'2024년11월'!I284:I288,'2024년11월'!I294:I298,I4:I8) -> #REF! | AD13: =SUM('2024년11월'!J244:J248,'2024년11월'!J254:J258,'2024년11월'!J264:J268,'2024년11월'!J274:J278,'2024년11월'!J284:J288,'2024년11월'!J294:J298,J4:J8) -> #REF! | ... AN13: =SUM('2024년11월'!T244:T248,'2024년11월'!T254:T258,'2024년11월'!T264:T268,'2024년11월'!T274:T278,'2024년11월'!T284:T288,'2024년11월'!T294:T298,T4:T8) -> #REF!
A14: 45628 | B14: 조국일 | C14: 0 | D14: 0 | E14: 0 | F14: =SUM(C14:E14) -> 0 | U14: =sum(G14:T14) -> 0
B15: 최리선 | C15: 4 | F15: =SUM(C15:E15) -> 4 | T15: 4 | U15: =sum(G15:T15) -> 4
B16: 안영호 | C16: 0 | D16: 4 | F16: =SUM(C16:E16) -> 4 | S16: 1 | T16: 3 | U16: =sum(G16:T16) -> 4
B17: 박상준 | C17: 2 | D17: 1 | F17: =SUM(C17:E17) -> 3 | P17: 3 | U17: =sum(G17:T17) -> 3
B18: 오강현 | C18: 6 | D18: 2 | F18: =SUM(C18:E18) -> 8 | P18: 7 | T18: 1 | U18: =sum(G18:T18) -> 8
B19: 김영민 | C19: 1 | D19: 1 | F19: =SUM(C19:E19) -> 2 | P19: 1 | T19: 1 | U19: =sum(G19:T19) -> 2
B20: 임종혁 | C20: 1 | D20: 5 | E20: 2 | F20: =SUM(C20:E20) -> 8 | G20: 1 | P20: 2 | T20: 7 | U20: =sum(G20:T20) -> 10
B21: 마명철 | C21: 0 | D21: 0 | F21: =SUM(C21:E21) -> 0 | U21: =sum(G21:T21) -> 0
B22: 일일누계 | C22: =SUM(C14:C21) -> 14 | D22: =SUM(D14:D21) -> 13 | E22: =SUM(E14:E21) -> 2 | F22: =SUM(F14:F21) -> 29 | G22: =SUM(G14:G21) -> 1 | H22: =SUM(H14:H21) -> 0 | I22: =SUM(I14:I21) -> 0 | J22: =SUM(J14:J21) -> 0 | ... T22: =SUM(T14:T21) -> 16 | U22: =sum(G22:T22) -> 31
B23: 총누계 | C23: =C13+C22 -> #REF! | D23: =D13+D22 -> #REF! | E23: =E13+E22 -> #REF! | F23: =F13+F22 -> #REF! | G23: =G13+G22 -> #REF! | H23: =H13+H22 -> #REF! | I23: =I13+I22 -> #REF! | J23: =J13+J22 -> #REF! | ... T23: =T13+T22 -> #REF! | U23: =sum(G23:T23) -> #REF!
A24: 45629 | B24: 조국일 | C24: 1 | D24: 0 | E24: 0 | F24: =SUM(C24:E24) -> 1 | G24: 1 | U24: =sum(G24:T24) -> 1
B25: 최리선 | C25: 4 | F25: =SUM(C25:E25) -> 4 | S25: 2 | T25: 3 | U25: =sum(G25:T25) -> 5
B26: 안영호 | C26: 1 | D26: 3 | F26: =SUM(C26:E26) -> 4 | U26: =sum(G26:T26) -> 0
B27: 박상준 | C27: 5 | D27: 1 | F27: =SUM(C27:E27) -> 6 | N27: 5 | P27: 1 | U27: =sum(G27:T27) -> 6
B28: 오강현 | C28: 5 | D28: 1 | F28: =SUM(C28:E28) -> 6 | P28: 6 | U28: =sum(G28:T28) -> 6
B29: 김영민 | D29: 1 | F29: =SUM(C29:E29) -> 1 | T29: 1 | U29: =sum(G29:T29) -> 1
B30: 임종혁 | C30: 1 | D30: 1 | F30: =SUM(C30:E30) -> 2 | I30: 1 | T30: 2 | U30: =sum(G30:T30) -> 3
B31: 마명철 | C31: 0 | D31: 0 | F31: =SUM(C31:E31) -> 0 | U31: =sum(G31:T31) -> 0
B32: 일일누계 | C32: =SUM(C24:C31) -> 17 | D32: =SUM(D24:D31) -> 7 | E32: =SUM(E24:E31) -> 0 | F32: =SUM(F24:F31) -> 24 | G32: =SUM(G24:G31) -> 1 | H32: =SUM(H24:H31) -> 0 | I32: =SUM(I24:I31) -> 1 | J32: =SUM(J24:J31) -> 0 | ... T32: =SUM(T24:T31) -> 6 | U32: =sum(G32:T32) -> 22
B33: 총누계 | C33: =C23+C32 -> #REF! | D33: =D23+D32 -> #REF! | E33: =E23+E32 -> #REF! | F33: =F23+F32 -> #REF! | G33: =G23+G32 -> #REF! | H33: =H23+H32 -> #REF! | I33: =I23+I32 -> #REF! | J33: =J23+J32 -> #REF! | ... T33: =T23+T32 -> #REF! | U33: =sum(G33:T33) -> #REF!
A34: 45630 | B34: 조국일 | D34: 2 | F34: =SUM(C34:E34) -> 2 | T34: 2 | U34: =sum(G34:T34) -> 2
B35: 최리선 | C35: 5 | F35: =SUM(C35:E35) -> 5 | T35: 5 | U35: =sum(G35:T35) -> 5
B36: 안영호 | C36: 1 | F36: =SUM(C36:E36) -> 1 | G36: 1 | P36: 1 | U36: =sum(G36:T36) -> 2
B37: 박상준 | D37: 2 | F37: =SUM(C37:E37) -> 2 | P37: 2 | T37: 1 | U37: =sum(G37:T37) -> 3
B38: 오강현 | C38: 6 | D38: 1 | F38: =SUM(C38:E38) -> 7 | P38: 6 | T38: 1 | U38: =sum(G38:T38) -> 7
B39: 김영민 | C39: 3 | D39: 2 | F39: =SUM(C39:E39) -> 5 | P39: 2 | T39: 3 | U39: =sum(G39:T39) -> 5
B40: 임종혁 | C40: 2 | D40: 3 | F40: =SUM(C40:E40) -> 5 | I40: 1 | P40: 2 | T40: 4 | U40: =sum(G40:T40) -> 7
B41: 마명철 | C41: 0 | D41: 0 | F41: =SUM(C41:E41) -> 0 | U41: =sum(G41:T41) -> 0
B42: 일일누계 | C42: =SUM(C34:C41) -> 17 | D42: =SUM(D34:D41) -> 10 | E42: =SUM(E34:E41) -> 0 | F42: =SUM(F34:F41) -> 27 | G42: =SUM(G34:G41) -> 1 | H42: =SUM(H34:H41) -> 0 | I42: =SUM(I34:I41) -> 1 | J42: =SUM(J34:J41) -> 0 | ... T42: =SUM(T34:T41) -> 16 | U42: =sum(G42:T42) -> 31
B43: 총누계 | C43: =C33+C42 -> #REF! | D43: =D33+D42 -> #REF! | E43: =E33+E42 -> #REF! | F43: =F33+F42 -> #REF! | G43: =G33+G42 -> #REF! | H43: =H33+H42 -> #REF! | I43: =I33+I42 -> #REF! | J43: =J33+J42 -> #REF! | ... T43: =T33+T42 -> #REF! | U43: =sum(G43:T43) -> #REF!
A44: 45631 | B44: 조국일 | C44: 0 | D44: 0 | E44: 0 | F44: =SUM(C44:E44) -> 0 | U44: =sum(G44:T44) -> 0
B45: 최리선 | C45: 2 | D45: 2 | F45: =SUM(C45:E45) -> 4 | T45: 4 | U45: =sum(G45:T45) -> 4
B46: 안영호 | C46: 3 | D46: 3 | F46: =SUM(C46:E46) -> 6 | P46: 1 | T46: 5 | U46: =sum(G46:T46) -> 6
B47: 박상준 | D47: 3 | F47: =SUM(C47:E47) -> 3 | P47: 1 | T47: 2 | U47: =sum(G47:T47) -> 3
B48: 오강현 | C48: 8 | D48: 0 | F48: =SUM(C48:E48) -> 8 | P48: 8 | U48: =sum(G48:T48) -> 8
B49: 김영민 | C49: 4 | D49: 2 | F49: =SUM(C49:E49) -> 6 | T49: 6 | U49: =sum(G49:T49) -> 6
B50: 임종혁 | C50: 1 | D50: 2 | F50: =SUM(C50:E50) -> 3 | U50: =sum(G50:T50) -> 0
B51: 마명철 | C51: 0 | D51: 0 | F51: =SUM(C51:E51) -> 0 | U51: =sum(G51:T51) -> 0
B52: 일일누계 | C52: =SUM(C44:C51) -> 18 | D52: =SUM(D44:D51) -> 12 | E52: =SUM(E44:E51) -> 0 | F52: =SUM(F44:F51) -> 30 | G52: =SUM(G44:G51) -> 0 | H52: =SUM(H44:H51) -> 0 | I52: =SUM(I44:I51) -> 0 | J52: =SUM(J44:J51) -> 0 | ... T52: =SUM(T44:T51) -> 17 | U52: =sum(G52:T52) -> 27
B53: 총누계 | C53: =C43+C52 -> #REF! | D53: =D43+D52 -> #REF! | E53: =E43+E52 -> #REF! | F53: =F43+F52 -> #REF! | G53: =G43+G52 -> #REF! | H53: =H43+H52 -> #REF! | I53: =I43+I52 -> #REF! | J53: =J43+J52 -> #REF! | ... T53: =T43+T52 -> #REF! | U53: =sum(G53:T53) -> #REF!
A54: 45632 | B54: 조국일 | D54: 1 | F54: =SUM(C54:E54) -> 1 | H54: 1 | U54: =sum(G54:T54) -> 1
B55: 최리선 | C55: 3 | D55: 1 | F55: =SUM(C55:E55) -> 4 | P55: 1 | T55: 3 | U55: =sum(G55:T55) -> 4
B56: 안영호 | C56: 3 | D56: 1 | F56: =SUM(C56:E56) -> 4 | P56: 3 | T56: 1 | U56: =sum(G56:T56) -> 4
B57: 박상준 | C57: 16 | D57: 10 | F57: =SUM(C57:E57) -> 26 | M57: 16 | R57: 10 | U57: =sum(G57:T57) -> 26
B58: 오강현 | C58: 0 | D58: 0 | F58: =SUM(C58:E58) -> 0 | U58: =sum(G58:T58) -> 0
B59: 김영민 | C59: 3 | D59: 2 | F59: =SUM(C59:E59) -> 5 | G59: 1 | P59: 3 | T59: 1 | U59: =sum(G59:T59) -> 5
B60: 임종혁 | F60: =SUM(C60:E60) -> 0 | U60: =sum(G60:T60) -> 0
B61: 마명철 | D61: 1 | F61: =SUM(C61:E61) -> 1 | O61: 1 | U61: =sum(G61:T61) -> 1
B62: 일일누계 | C62: =SUM(C54:C61) -> 25 | D62: =SUM(D54:D61) -> 16 | E62: =SUM(E54:E61) -> 0 | F62: =SUM(F54:F61) -> 41 | G62: =SUM(G54:G61) -> 1 | H62: =SUM(H54:H61) -> 1 | I62: =SUM(I54:I61) -> 0 | J62: =SUM(J54:J61) -> 0 | ... T62: =SUM(T54:T61) -> 5 | U62: =sum(G62:T62) -> 41
B63: 총누계 | C63: =C53+C62 -> #REF! | D63: =D53+D62 -> #REF! | E63: =E53+E62 -> #REF! | F63: =F53+F62 -> #REF! | G63: =G53+G62 -> #REF! | H63: =H53+H62 -> #REF! | I63: =I53+I62 -> #REF! | J63: =J53+J62 -> #REF! | ... T63: =T53+T62 -> #REF! | U63: =sum(G63:T63) -> #REF!
A64: 45633 | B64: 조국일 | F64: =SUM(C64:E64) -> 0 | U64: =sum(G64:T64) -> 0
B65: 최리선 | F65: =SUM(C65:E65) -> 0 | U65: =sum(G65:T65) -> 0
B66: 안영호 | F66: =SUM(C66:E66) -> 0 | U66: =sum(G66:T66) -> 0
B67: 박상준 | F67: =SUM(C67:E67) -> 0 | U67: =sum(G67:T67) -> 0
B68: 오강현 | C68: 6 | D68: 2 | F68: =SUM(C68:E68) -> 8 | P68: 8 | U68: =sum(G68:T68) -> 8
B69: 김영민 | F69: =SUM(C69:E69) -> 0 | U69: =sum(G69:T69) -> 0
B70: 임종혁 | F70: =SUM(C70:E70) -> 0 | U70: =sum(G70:T70) -> 0
B71: 마명철 | F71: =SUM(C71:E71) -> 0 | U71: =sum(G71:T71) -> 0
B72: 일일누계 | C72: =SUM(C64:C71) -> 6 | D72: =SUM(D64:D71) -> 2 | E72: =SUM(E64:E71) -> 0 | F72: =SUM(F64:F71) -> 8 | G72: =SUM(G64:G71) -> 0 | H72: =SUM(H64:H71) -> 0 | I72: =SUM(I64:I71) -> 0 | J72: 0 | K72: =SUM(K64:K71) -> 0 | L72: =SUM(L64:L71) -> 0 | M72: =SUM(M64:M71) -> 0 | N72: =SUM(N64:N71) -> 0 | O72: =SUM(O64:O71) -> 0 | P72: =SUM(P64:P71) -> 8 | Q72: =SUM(Q64:Q71) -> 0 | R72: =SUM(R64:R71) -> 0 | ... T72: =SUM(T64:T71) -> 0 | U72: =sum(G72:T72) -> 8
B73: 총누계 | C73: =SUM(C63,C72) -> #REF! | D73: =SUM(D63,D72) -> #REF! | E73: =SUM(E63,E72) -> #REF! | F73: =F63+F72 -> #REF! | G73: =G63+G72 -> #REF! | H73: =H63+H72 -> #REF! | I73: =I63+I72 -> #REF! | J73: =J63+J72 -> #REF! | K73: =K63+K72 -> #REF! | L73: =L63+L72 -> #REF! | M73: =M63+M72 -> #REF! | ... T73: =T63+T72 -> #REF! | U73: =sum(G73:T73) -> #REF!
A74: 45634 | B74: 조국일 | F74: =SUM(C74:E74) -> 0 | U74: =sum(G74:T74) -> 0
B75: 최리선 | F75: =SUM(C75:E75) -> 0 | U75: =sum(G75:T75) -> 0
B76: 안영호 | F76: =SUM(C76:E76) -> 0 | U76: =sum(G76:T76) -> 0
B77: 박상준 | F77: =SUM(C77:E77) -> 0 | U77: =sum(G77:T77) -> 0
B78: 오강현 | F78: =SUM(C78:E78) -> 0 | U78: =sum(G78:T78) -> 0
B79: 김영민 | F79: =SUM(C79:E79) -> 0 | U79: =sum(G79:T79) -> 0
B80: 임종혁 | F80: =SUM(C80:E80) -> 0 | U80: =sum(G80:T80) -> 0
B81: 마명철 | F81: =SUM(C81:E81) -> 0 | U81: =sum(G81:T81) -> 0
B82: 일일누계 | C82: =SUM(C74:C81) -> 0 | D82: =SUM(D74:D81) -> 0 | E82: =SUM(E74:E81) -> 0 | F82: =SUM(F74:F81) -> 0 | G82: =SUM(G74:G81) -> 0 | H82: =SUM(H74:H81) -> 0 | I82: =SUM(I74:I81) -> 0 | J82: =SUM(J74:J81) -> 0 | ... T82: =SUM(T74:T81) -> 0 | U82: =sum(G82:T82) -> 0 | V82: 구분 | W82: 정신상담 | X82: 알콜상담 | Y82: 기타상담 | Z82: 소계 | AA82: 자의입원 | AB82: 응급입원 | AC82: 보호진단 | AD82: 시설입소(자활, 재활, 요양) | AE82: 시설입소(타복지시설) | AF82: 지원주택 | AG82: 주거지원 | AH82: 물품제공 | AI82: 기타(외래) | AJ82: 외래진료 | AK82: 병원방문 | AL82: 주거지방문 | AM82: 투약관리 | AN82: 기타(척도, 내방)
B83: 총누계 | C83: =C73+C82 -> #REF! | D83: =D73+D82 -> #REF! | E83: =E73+E82 -> #REF! | F83: =F73+F82 -> #REF! | G83: =G73+G82 -> #REF! | H83: =H73+H82 -> #REF! | I83: =I73+I82 -> #REF! | J83: =J73+J82 -> #REF! | ... T83: =T73+T82 -> #REF! | U83: =sum(G83:T83) -> #REF! | V83: 12월 1주차 | W83: =SUM(C14:C18,C24:C28,C34:C38,C44:C48,C54:C58,C64:C68,C74:C78) -> 81 | X83: =SUM(D14:D18,D24:D28,D34:D38,D44:D48,D54:D58,D64:D68,D74:D78) -> 40 | Y83: =SUM(E14:E18,E24:E28,E34:E38,E44:E48,E54:E58,E64:E68,E74:E78) -> 0 | Z83: =SUM(F14:F18,F24:F28,F34:F38,F44:F48,F54:F58,F64:F68,F74:F78) -> 121 | AA83: =SUM(G14:G18,G24:G28,G34:G38,G44:G48,G54:G58,G64:G68,G74:G78) -> 2 | AB83: =SUM(H14:H18,H24:H28,H34:H38,H44:H48,H54:H58,H64:H68,H74:H78) -> 1 | AC83: =SUM(I14:I18,I24:I28,I34:I38,I44:I48,I54:I58,I64:I68,I74:I78) -> 0 | AD83: =SUM(J14:J18,J24:J28,J34:J38,J44:J48,J54:J58,J64:J68,J74:J78) -> 0 | ... AN83: =SUM(T14:T18,T24:T28,T34:T38,T44:T48,T54:T58,T64:T68,T74:T78) -> 35
A84: 45635 | B84: 조국일 | C84: 0 | D84: 0 | E84: 0 | F84: =SUM(C84:E84) -> 0 | U84: =sum(G84:T84) -> 0
B85: 최리선 | C85: 2 | F85: =SUM(C85:E85) -> 2 | S85: 1 | T85: 3 | U85: =sum(G85:T85) -> 4
B86: 안영호 | C86: 0 | D86: 0 | E86: 0 | F86: =SUM(C86:E86) -> 0 | U86: =sum(G86:T86) -> 0
B87: 박상준 | D87: 6 | E87: 1 | F87: =SUM(C87:E87) -> 7 | J87: 1 | P87: 1 | T87: 4 | U87: =sum(G87:T87) -> 6
B88: 오강현 | C88: 8 | D88: 2 | F88: =SUM(C88:E88) -> 10 | J88: 1 | P88: 9 | U88: =sum(G88:T88) -> 10
B89: 김영민 | C89: 1 | D89: 2 | F89: =SUM(C89:E89) -> 3 | T89: 3 | U89: =sum(G89:T89) -> 3
B90: 임종혁 | F90: =SUM(C90:E90) -> 0 | U90: =sum(G90:T90) -> 0
B91: 마명철 | D91: 1 | F91: =SUM(C91:E91) -> 1 | G91: 1 | U91: =sum(G91:T91) -> 1
B92: 일일누계 | C92: =SUM(C84:C91) -> 11 | D92: =SUM(D84:D91) -> 11 | E92: =SUM(E84:E91) -> 1 | F92: =SUM(F84:F91) -> 23 | G92: =SUM(G84:G91) -> 1 | H92: =SUM(H84:H91) -> 0 | I92: =SUM(I84:I91) -> 0 | J92: =SUM(J84:J91) -> 2 | ... T92: =SUM(T84:T91) -> 10 | U92: =sum(G92:T92) -> 24
B93: 총누계 | C93: =C83+C92 -> #REF! | D93: =D83+D92 -> #REF! | E93: =E83+E92 -> #REF! | F93: =F83+F92 -> #REF! | G93: =G83+G92 -> #REF! | H93: =H83+H92 -> #REF! | I93: =I83+I92 -> #REF! | J93: =J83+J92 -> #REF! | ... T93: =T83+T92 -> #REF! | U93: =sum(G93:T93) -> #REF!
A94: 45636 | B94: 조국일 | C94: 1 | F94: =SUM(C94:E94) -> 1 | T94: 1 | U94: =sum(G94:T94) -> 1
B95: 최리선 | C95: 2 | F95: =SUM(C95:E95) -> 2 | T95: 2 | U95: =sum(G95:T95) -> 2
B96: 안영호 | C96: 1 | D96: 1 | F96: =SUM(C96:E96) -> 2 | T96: 2 | U96: =sum(G96:T96) -> 2
B97: 박상준 | C97: 2 | D97: 1 | F97: =SUM(C97:E97) -> 3 | P97: 1 | T97: 2 | U97: =sum(G97:T97) -> 3
B98: 오강현 | C98: 7 | D98: 2 | F98: =SUM(C98:E98) -> 9 | P98: 8 | T98: 1 | U98: =sum(G98:T98) -> 9
B99: 김영민 | C99: 2 | F99: =SUM(C99:E99) -> 2 | T99: 2 | U99: =sum(G99:T99) -> 2
B100: 임종혁 | C100: 4 | F100: =SUM(C100:E100) -> 4 | T100: 6 | U100: =sum(G100:T100) -> 6
B101: 마명철 | C101: 1 | F101: =SUM(C101:E101) -> 1 | H101: 1 | U101: =sum(G101:T101) -> 1
...

Sheet 양식
A2: 날짜 | B2: 담당 | C2: 상담(거리 및 내방) | G2: 조치 | P2: 조치후 사례관리
B3: 이름 | C3: 정신상담 | D3: 알콜상담 | E3: 기타상담 | F3: 소계 | G3: 자의입원 | H3: 응급입원 | I3: 보호진단 | J3: 시설입소 (노숙영역) | K3: 시설입소 (타복지영역) | L3: 지원주택 | M3: 주거지원 | N3: 물품제공 | O3: 기타 (귀가,외래등) | P3: 외래진료 | Q3: 병원방문 | R3: 주거지방문 | S3: 투약관리 | T3: 기타 (척도, 내방) | U3: 합계
A4: 46054 | B4: 조국일 | F4: =SUM(C4:E4) -> 0 | U4: =sum(G4:T4) -> 0
B5: 최리선 | F5: =SUM(C5:E5) -> 0 | U5: =sum(G5:T5) -> 0
B6: 안영호 | F6: =SUM(C6:E6) -> 0 | U6: =sum(G6:T6) -> 0
B7: 박상준 | F7: =SUM(C7:E7) -> 0 | U7: =sum(G7:T7) -> 0
B8: 김영민 | F8: =SUM(C8:E8) -> 0 | U8: =sum(G8:T8) -> 0
B9: 임종혁 | F9: =SUM(C9:E9) -> 0 | U9: =sum(G9:T9) -> 0
B10: 마명철 | F10: =SUM(C10:E10) -> 0 | U10: =sum(G10:T10) -> 0
B11: 일일누계 | C11: =SUM(C4:C10) -> 0 | D11: =SUM(D4:D10) -> 0 | E11: =SUM(E4:E10) -> 0 | F11: =SUM(F4:F10) -> 0 | G11: =SUM(G4:G10) -> 0 | H11: =SUM(H4:H10) -> 0 | I11: =SUM(I4:I10) -> 0 | J11: =SUM(J4:J10) -> 0 | ... T11: =SUM(T4:T10) -> 0 | U11: =sum(G11:T11) -> 0
B12: 총누계 | C12: =C11 -> 0 | D12: =D11 -> 0 | E12: =E11 -> 0 | F12: =F11 -> 0 | G12: =G11 -> 0 | H12: =H11 -> 0 | I12: =I11 -> 0 | J12: =J11 -> 0 | ... U12: =U11 -> 0
A13: 46055 | B13: 조국일 | F13: =SUM(C13:E13) -> 0 | U13: =sum(G13:T13) -> 0
B14: 최리선 | F14: =SUM(C14:E14) -> 0 | U14: =sum(G14:T14) -> 0
B15: 안영호 | F15: =SUM(C15:E15) -> 0 | U15: =sum(G15:T15) -> 0
B16: 박상준 | F16: =SUM(C16:E16) -> 0 | U16: =sum(G16:T16) -> 0
B17: 김영민 | F17: =SUM(C17:E17) -> 0 | U17: =sum(G17:T17) -> 0
B18: 임종혁 | F18: =SUM(C18:E18) -> 0 | U18: =sum(G18:T18) -> 0
B19: 마명철 | F19: =SUM(C19:E19) -> 0 | U19: =sum(G19:T19) -> 0
B20: 일일누계 | C20: =SUM(C13:C19) -> 0 | D20: =SUM(D13:D19) -> 0 | E20: =SUM(E13:E19) -> 0 | F20: =SUM(F13:F19) -> 0 | G20: =SUM(G13:G19) -> 0 | H20: =SUM(H13:H19) -> 0 | I20: =SUM(I13:I19) -> 0 | J20: =SUM(J13:J19) -> 0 | ... T20: =SUM(T13:T19) -> 0 | U20: =sum(G20:T20) -> 0
B21: 총누계 | C21: =C12+C20 -> 0 | D21: =D12+D20 -> 0 | E21: =E12+E20 -> 0 | F21: =F12+F20 -> 0 | G21: =G12+G20 -> 0 | H21: =H12+H20 -> 0 | I21: =I12+I20 -> 0 | J21: =J12+J20 -> 0 | ... U21: =U12+U20 -> 0
A22: 46056 | B22: 조국일 | F22: =SUM(C22:E22) -> 0 | U22: =sum(G22:T22) -> 0
B23: 최리선 | F23: =SUM(C23:E23) -> 0 | U23: =sum(G23:T23) -> 0
B24: 안영호 | F24: =SUM(C24:E24) -> 0 | U24: =sum(G24:T24) -> 0
B25: 박상준 | F25: =SUM(C25:E25) -> 0 | U25: =sum(G25:T25) -> 0
B26: 김영민 | F26: =SUM(C26:E26) -> 0 | U26: =sum(G26:T26) -> 0
B27: 임종혁 | F27: =SUM(C27:E27) -> 0 | U27: =sum(G27:T27) -> 0
B28: 마명철 | C28: 0 | D28: 0 | F28: =SUM(C28:E28) -> 0 | U28: =sum(G28:T28) -> 0
B29: 일일누계 | C29: =SUM(C22:C28) -> 0 | D29: =SUM(D22:D28) -> 0 | E29: =SUM(E22:E28) -> 0 | F29: =SUM(F22:F28) -> 0 | G29: =SUM(G22:G28) -> 0 | H29: =SUM(H22:H28) -> 0 | I29: =SUM(I22:I28) -> 0 | J29: =SUM(J22:J28) -> 0 | ... T29: =SUM(T22:T28) -> 0 | U29: =sum(G29:T29) -> 0
B30: 총누계 | C30: =C21+C29 -> 0 | D30: =D21+D29 -> 0 | E30: =E21+E29 -> 0 | F30: =F21+F29 -> 0 | G30: =G21+G29 -> 0 | H30: =H21+H29 -> 0 | I30: =I21+I29 -> 0 | J30: =J21+J29 -> 0 | ... U30: =U21+U29 -> 0
A31: 46057 | B31: 조국일 | F31: =SUM(C31:E31) -> 0 | U31: =sum(G31:T31) -> 0
B32: 최리선 | F32: =SUM(C32:E32) -> 0 | U32: =sum(G32:T32) -> 0
B33: 안영호 | F33: =SUM(C33:E33) -> 0 | U33: =sum(G33:T33) -> 0
B34: 박상준 | F34: =SUM(C34:E34) -> 0 | U34: =sum(G34:T34) -> 0
B35: 김영민 | F35: =SUM(C35:E35) -> 0 | U35: =sum(G35:T35) -> 0
B36: 임종혁 | F36: =SUM(C36:E36) -> 0 | U36: =sum(G36:T36) -> 0 | W36: 62 | X36: 20 | Y36: 0 | Z36: 82 | AA36: 2 | AB36: 0 | AC36: 1 | AD36: 0 | AE36: 0 | AF36: 8 | AG36: 0 | AH36: 0 | AI36: 1 | AJ36: 46 | AK36: 0 | AL36: 16 | AM36: 0 | AN36: 8
B37: 마명철 | F37: =SUM(C37:E37) -> 0 | U37: =sum(G37:T37) -> 0 | W37: 35 | X37: 16 | Y37: 0 | Z37: 51 | AA37: 2 | AB37: 0 | AC37: 0 | AD37: 1 | AE37: 0 | AF37: 0 | AG37: 0 | AH37: 0 | AI37: 3 | AJ37: 21 | AK37: 0 | AL37: 25 | AM37: 0 | AN37: 2
B38: 일일누계 | C38: =SUM(C31:C37) -> 0 | D38: =SUM(D31:D37) -> 0 | E38: =SUM(E31:E37) -> 0 | F38: =SUM(F31:F37) -> 0 | G38: =SUM(G31:G37) -> 0 | H38: =SUM(H31:H37) -> 0 | I38: =SUM(I31:I37) -> 0 | J38: =SUM(J31:J37) -> 0 | ... T38: =SUM(T31:T37) -> 0 | U38: =sum(G38:T38) -> 0 | V38: 구분 | W38: 정신상담 | X38: 알콜상담 | Y38: 기타상담 | Z38: 소계 | AA38: 자의입원 | AB38: 응급입원 | AC38: 보호진단 | AD38: 시설입소(자활, 재활, 요양) | AE38: 시설입소(타복지시설) | AF38: 지원주택 | AG38: 주거지원 | AH38: 물품제공 | AI38: 기타(외래) | AJ38: 외래진료 | AK38: 병원방문 | AL38: 주거지방문 | AM38: 투약관리 | AN38: 기타(척도, 내방)
B39: 총누계 | C39: =C30+C38 -> 0 | D39: =D30+D38 -> 0 | E39: =E30+E38 -> 0 | F39: =F30+F38 -> 0 | G39: =G30+G38 -> 0 | H39: =H30+H38 -> 0 | I39: =I30+I38 -> 0 | J39: =J30+J38 -> 0 | ... U39: =U30+U38 -> 0 | V39: 1월 1주차 | W39: =W36+W37 -> 97 | X39: =X36+X37 -> 36 | Y39: =Y36+Y37 -> 0 | Z39: =Z36+Z37 -> 133 | AA39: =AA36+AA37 -> 4 | AB39: =AB36+AB37 -> 0 | AC39: =AC36+AC37 -> 1 | AD39: =AD36+AD37 -> 1 | ... AN39: =AN36+AN37 -> 10
A40: 46058 | B40: 조국일 | F40: =SUM(C40:E40) -> 0 | U40: =sum(G40:T40) -> 0
B41: 최리선 | F41: =SUM(C41:E41) -> 0 | U41: =sum(G41:T41) -> 0
B42: 안영호 | F42: =SUM(C42:E42) -> 0 | U42: =sum(G42:T42) -> 0
B43: 박상준 | F43: =SUM(C43:E43) -> 0 | U43: =sum(G43:T43) -> 0
B44: 김영민 | F44: =SUM(C44:E44) -> 0 | U44: =sum(G44:T44) -> 0
B45: 임종혁 | F45: =SUM(C45:E45) -> 0 | U45: =sum(G45:T45) -> 0
B46: 마명철 | F46: =SUM(C46:E46) -> 0 | U46: =sum(G46:T46) -> 0
B47: 일일누계 | C47: =SUM(C40:C46) -> 0 | D47: =SUM(D40:D46) -> 0 | E47: =SUM(E40:E46) -> 0 | F47: =SUM(F40:F46) -> 0 | G47: =SUM(G40:G46) -> 0 | H47: =SUM(H40:H46) -> 0 | I47: =SUM(I40:I46) -> 0 | J47: =SUM(J40:J46) -> 0 | ... T47: =SUM(T40:T46) -> 0 | U47: =sum(G47:T47) -> 0
B48: 총누계 | C48: =C39+C47 -> 0 | D48: =D39+D47 -> 0 | E48: =E39+E47 -> 0 | F48: =F39+F47 -> 0 | G48: =G39+G47 -> 0 | H48: =H39+H47 -> 0 | I48: =I39+I47 -> 0 | J48: =J39+J47 -> 0 | ... U48: =U39+U47 -> 0
A49: 46059 | B49: 조국일 | F49: =SUM(C49:E49) -> 0 | U49: =sum(G49:T49) -> 0
B50: 최리선 | F50: =SUM(C50:E50) -> 0 | U50: =sum(G50:T50) -> 0
B51: 안영호 | F51: =SUM(C51:E51) -> 0 | U51: =sum(G51:T51) -> 0
B52: 박상준 | F52: =SUM(C52:E52) -> 0 | U52: =sum(G52:T52) -> 0
B53: 김영민 | F53: =SUM(C53:E53) -> 0 | U53: =sum(G53:T53) -> 0
B54: 임종혁 | F54: =SUM(C54:E54) -> 0 | U54: =sum(G54:T54) -> 0
B55: 마명철 | F55: =SUM(C55:E55) -> 0 | U55: =sum(G55:T55) -> 0
B56: 일일누계 | C56: =SUM(C49:C55) -> 0 | D56: =SUM(D49:D55) -> 0 | E56: =SUM(E49:E55) -> 0 | F56: =SUM(F49:F55) -> 0 | G56: =SUM(G49:G55) -> 0 | H56: =SUM(H49:H55) -> 0 | I56: =SUM(I49:I55) -> 0 | J56: =SUM(J49:J55) -> 0 | ... T56: =SUM(T49:T55) -> 0 | U56: =sum(G56:T56) -> 0
B57: 총누계 | C57: =C48+C56 -> 0 | D57: =D48+D56 -> 0 | E57: =E48+E56 -> 0 | F57: =F48+F56 -> 0 | G57: =G48+G56 -> 0 | H57: =H48+H56 -> 0 | I57: =I48+I56 -> 0 | J57: =J48+J56 -> 0 | ... U57: =U48+U56 -> 0
A58: 46060 | B58: 조국일 | F58: =SUM(C58:E58) -> 0 | U58: =sum(G58:T58) -> 0
B59: 최리선 | F59: =SUM(C59:E59) -> 0 | U59: =sum(G59:T59) -> 0
B60: 안영호 | F60: =SUM(C60:E60) -> 0 | U60: =sum(G60:T60) -> 0
B61: 박상준 | F61: =SUM(C61:E61) -> 0 | U61: =sum(G61:T61) -> 0
B62: 김영민 | F62: =SUM(C62:E62) -> 0 | U62: =sum(G62:T62) -> 0
B63: 임종혁 | F63: =SUM(C63:E63) -> 0 | U63: =sum(G63:T63) -> 0
B64: 마명철 | F64: =SUM(C64:E64) -> 0 | U64: =sum(G64:T64) -> 0
B65: 일일누계 | C65: =SUM(C58:C64) -> 0 | D65: =SUM(D58:D64) -> 0 | E65: =SUM(E58:E64) -> 0 | F65: =SUM(F58:F64) -> 0 | G65: =SUM(G58:G64) -> 0 | H65: =SUM(H58:H64) -> 0 | I65: =SUM(I58:I64) -> 0 | J65: 0 | K65: =SUM(K58:K64) -> 0 | L65: =SUM(L58:L64) -> 0 | M65: =SUM(M58:M64) -> 0 | N65: =SUM(N58:N64) -> 0 | O65: =SUM(O58:O64) -> 0 | P65: =SUM(P58:P64) -> 0 | Q65: =SUM(Q58:Q64) -> 0 | R65: =SUM(R58:R64) -> 0 | ... T65: =SUM(T58:T64) -> 0 | U65: =sum(G65:T65) -> 0
B66: 총누계 | C66: =SUM(C57,C65) -> 0 | D66: =SUM(D57,D65) -> 0 | E66: =SUM(E57,E65) -> 0 | F66: =F57+F65 -> 0 | G66: =G57+G65 -> 0 | H66: =H57+H65 -> 0 | I66: =I57+I65 -> 0 | J66: =J57+J65 -> 0 | K66: =K57+K65 -> 0 | L66: =L57+L65 -> 0 | M66: =M57+M65 -> 0 | ... U66: =U57+U65 -> 0
A67: 46061 | B67: 조국일 | F67: =SUM(C67:E67) -> 0 | U67: =sum(G67:T67) -> 0
B68: 최리선 | F68: =SUM(C68:E68) -> 0 | U68: =sum(G68:T68) -> 0
B69: 안영호 | F69: =SUM(C69:E69) -> 0 | U69: =sum(G69:T69) -> 0
B70: 박상준 | F70: =SUM(C70:E70) -> 0 | U70: =sum(G70:T70) -> 0
B71: 김영민 | F71: =SUM(C71:E71) -> 0 | U71: =sum(G71:T71) -> 0
B72: 임종혁 | F72: =SUM(C72:E72) -> 0 | U72: =sum(G72:T72) -> 0
B73: 마명철 | F73: =SUM(C73:E73) -> 0 | U73: =sum(G73:T73) -> 0
B74: 일일누계 | C74: =SUM(C67:C73) -> 0 | D74: =SUM(D67:D73) -> 0 | E74: =SUM(E67:E73) -> 0 | F74: =SUM(F67:F73) -> 0 | G74: =SUM(G67:G73) -> 0 | H74: =SUM(H67:H73) -> 0 | I74: =SUM(I67:I73) -> 0 | J74: =SUM(J67:J73) -> 0 | ... T74: =SUM(T67:T73) -> 0 | U74: =sum(G74:T74) -> 0
B75: 총누계 | C75: =C66+C74 -> 0 | D75: =D66+D74 -> 0 | E75: =E66+E74 -> 0 | F75: =F66+F74 -> 0 | G75: =G66+G74 -> 0 | H75: =H66+H74 -> 0 | I75: =I66+I74 -> 0 | J75: =J66+J74 -> 0 | ... U75: =U66+U74 -> 0
A76: 46062 | B76: 조국일 | F76: =SUM(C76:E76) -> 0 | U76: =sum(G76:T76) -> 0
B77: 최리선 | F77: =SUM(C77:E77) -> 0 | U77: =sum(G77:T77) -> 0
B78: 안영호 | F78: =SUM(C78:E78) -> 0 | U78: =sum(G78:T78) -> 0
B79: 박상준 | F79: =SUM(C79:E79) -> 0 | U79: =sum(G79:T79) -> 0
B80: 김영민 | F80: =SUM(C80:E80) -> 0 | U80: =sum(G80:T80) -> 0
B81: 임종혁 | F81: =SUM(C81:E81) -> 0 | U81: =sum(G81:T81) -> 0
B82: 마명철 | F82: =SUM(C82:E82) -> 0 | U82: =sum(G82:T82) -> 0
B83: 일일누계 | C83: =SUM(C76:C82) -> 0 | D83: =SUM(D76:D82) -> 0 | E83: =SUM(E76:E82) -> 0 | F83: =SUM(F76:F82) -> 0 | G83: =SUM(G76:G82) -> 0 | H83: =SUM(H76:H82) -> 0 | I83: =SUM(I76:I82) -> 0 | J83: =SUM(J76:J82) -> 0 | ... T83: =SUM(T76:T82) -> 0 | U83: =sum(G83:T83) -> 0
B84: 총누계 | C84: =C75+C83 -> 0 | D84: =D75+D83 -> 0 | E84: =E75+E83 -> 0 | F84: =F75+F83 -> 0 | G84: =G75+G83 -> 0 | H84: =H75+H83 -> 0 | I84: =I75+I83 -> 0 | J84: =J75+J83 -> 0 | ... U84: =U75+U83 -> 0
A85: 46063 | B85: 조국일 | F85: =SUM(C85:E85) -> 0 | U85: =sum(G85:T85) -> 0
B86: 최리선 | F86: =SUM(C86:E86) -> 0 | U86: =sum(G86:T86) -> 0
B87: 안영호 | F87: =SUM(C87:E87) -> 0 | U87: =sum(G87:T87) -> 0
B88: 박상준 | F88: =SUM(C88:E88) -> 0 | U88: =sum(G88:T88) -> 0
B89: 김영민 | F89: =SUM(C89:E89) -> 0 | U89: =sum(G89:T89) -> 0
B90: 임종혁 | F90: =SUM(C90:E90) -> 0 | U90: =sum(G90:T90) -> 0
B91: 마명철 | F91: =SUM(C91:E91) -> 0 | U91: =sum(G91:T91) -> 0
B92: 일일누계 | C92: =SUM(C85:C91) -> 0 | D92: =SUM(D85:D91) -> 0 | E92: =SUM(E85:E91) -> 0 | F92: =SUM(F85:F91) -> 0 | G92: =SUM(G85:G91) -> 0 | H92: =SUM(H85:H91) -> 0 | I92: =SUM(I85:I91) -> 0 | J92: =SUM(J85:J91) -> 0 | ... T92: =SUM(T85:T91) -> 0 | U92: =sum(G92:T92) -> 0
B93: 총누계 | C93: =C84+C92 -> 0 | D93: =D84+D92 -> 0 | E93: =E84+E92 -> 0 | F93: =F84+F92 -> 0 | G93: =G84+G92 -> 0 | H93: =H84+H92 -> 0 | I93: =I84+I92 -> 0 | J93: =J84+J92 -> 0 | ... U93: =U84+U92 -> 0
A94: 46064 | B94: 조국일 | F94: =SUM(C94:E94) -> 0 | U94: =sum(G94:T94) -> 0
B95: 최리선 | F95: =SUM(C95:E95) -> 0 | U95: =sum(G95:T95) -> 0
B96: 안영호 | F96: =SUM(C96:E96) -> 0 | U96: =sum(G96:T96) -> 0
B97: 박상준 | F97: =SUM(C97:E97) -> 0 | U97: =sum(G97:T97) -> 0
B98: 김영민 | F98: =SUM(C98:E98) -> 0 | U98: =sum(G98:T98) -> 0
B99: 임종혁 | F99: =SUM(C99:E99) -> 0 | U99: =sum(G99:T99) -> 0
B100: 마명철 | F100: =SUM(C100:E100) -> 0 | U100: =sum(G100:T100) -> 0
B101: 일일누계 | C101: =SUM(C94:C100) -> 0 | D101: =SUM(D94:D100) -> 0 | E101: =SUM(E94:E100) -> 0 | F101: =SUM(F94:F100) -> 0 | G101: =SUM(G94:G100) -> 0 | H101: =SUM(H94:H100) -> 0 | I101: =SUM(I94:I100) -> 0 | J101: =SUM(J94:J100) -> 0 | ... T101: =SUM(T94:T100) -> 0 | U101: =sum(G101:T101) -> 0 | V101: 구분 | W101: 정신상담 | X101: 알콜상담 | Y101: 기타상담 | Z101: 소계 | AA101: 자의입원 | AB101: 응급입원 | AC101: 보호진단 | AD101: 시설입소(자활, 재활, 요양) | AE101: 시설입소(타복지시설) | AF101: 지원주택 | AG101: 주거지원 | AH101: 물품제공 | AI101: 기타(외래) | AJ101: 외래진료 | AK101: 병원방문 | AL101: 주거지방문 | AM101: 투약관리 | AN101: 기타(척도, 내방)
...

Sheet 기준
A1: 구분
A2: 상담 | B2: 자의입원 | C2: 자의입원
A3: 서비스 | B3: 기타

Sheet 시트55
A1: OR(USERROLE() = "Admin", [이메일] = USEREMAIL())
A3: 앱시트 슬라이스에서 만약 관리자(Admin)는 모든 데이터를 보고, 일반 사용자는 자기 것만 보게 하고 싶다면? 쉽게 순서대로 알려줘

Sheet 2026년1월
A2: 날짜 | B2: 담당 | C2: 상담(거리 및 내방) | G2: 조치 | P2: 조치후 사례관리
B3: 이름 | C3: 정신상담 | D3: 알콜상담 | E3: 기타상담 | F3: 소계 | G3: 자의입원 | H3: 응급입원 | I3: 보호진단 | J3: 시설입소 (노숙영역) | K3: 시설입소 (타복지영역) | L3: 지원주택 | M3: 주거지원 | N3: 물품제공 | O3: 기타 (귀가,외래등) | P3: 외래진료 | Q3: 병원방문 | R3: 주거지방문 | S3: 투약관리 | T3: 기타 (척도, 내방) | U3: 합계
A4: 46023 | B4: 조국일 | F4: =SUM(C4:E4) -> 0 | U4: =sum(G4:T4) -> 0
B5: 최리선 | F5: =SUM(C5:E5) -> 0 | U5: =sum(G5:T5) -> 0
B6: 안영호 | F6: =SUM(C6:E6) -> 0 | U6: =sum(G6:T6) -> 0
B7: 박상준 | F7: =SUM(C7:E7) -> 0 | U7: =sum(G7:T7) -> 0
B8: 김영민 | F8: =SUM(C8:E8) -> 0 | U8: =sum(G8:T8) -> 0
B9: 임종혁 | F9: =SUM(C9:E9) -> 0 | U9: =sum(G9:T9) -> 0
B10: 마명철 | F10: =SUM(C10:E10) -> 0 | U10: =sum(G10:T10) -> 0
B11: 일일누계 | C11: =SUM(C4:C10) -> 0 | D11: =SUM(D4:D10) -> 0 | E11: =SUM(E4:E10) -> 0 | F11: =SUM(F4:F10) -> 0 | G11: =SUM(G4:G10) -> 0 | H11: =SUM(H4:H10) -> 0 | I11: =SUM(I4:I10) -> 0 | J11: =SUM(J4:J10) -> 0 | ... T11: =SUM(T4:T10) -> 0 | U11: =sum(G11:T11) -> 0
B12: 총누계 | C12: =C11 -> 0 | D12: =D11 -> 0 | E12: =E11 -> 0 | F12: =F11 -> 0 | G12: =G11 -> 0 | H12: =H11 -> 0 | I12: =I11 -> 0 | J12: =J11 -> 0 | ... U12: =U11 -> 0
A13: 46024 | B13: 조국일 | C13: 3 | D13: 1 | F13: =SUM(C13:E13) -> 4 | G13: 1 | J13: 1 | P13: 2 | U13: =sum(G13:T13) -> 4
B14: 최리선 | C14: 1 | F14: =SUM(C14:E14) -> 1 | T14: 1 | U14: =sum(G14:T14) -> 1
B15: 안영호 | C15: 12 | D15: 4 | F15: =SUM(C15:E15) -> 16 | O15: 1 | P15: 14 | T15: 1 | U15: =sum(G15:T15) -> 16
B16: 박상준 | F16: =SUM(C16:E16) -> 0 | U16: =sum(G16:T16) -> 0
B17: 김영민 | C17: 19 | D17: 11 | F17: =SUM(C17:E17) -> 30 | O17: 2 | P17: 5 | R17: 25 | U17: =sum(G17:T17) -> 32
B18: 임종혁 | C18: 4 | D18: 2 | F18: =SUM(C18:E18) -> 6 | P18: 2 | T18: 6 | U18: =sum(G18:T18) -> 8
B19: 마명철 | F19: =SUM(C19:E19) -> 0 | U19: =sum(G19:T19) -> 0
B20: 일일누계 | C20: =SUM(C13:C19) -> 39 | D20: =SUM(D13:D19) -> 18 | E20: =SUM(E13:E19) -> 0 | F20: =SUM(F13:F19) -> 57 | G20: =SUM(G13:G19) -> 1 | H20: =SUM(H13:H19) -> 0 | I20: =SUM(I13:I19) -> 0 | J20: =SUM(J13:J19) -> 1 | ... T20: =SUM(T13:T19) -> 8 | U20: =sum(G20:T20) -> 61
B21: 총누계 | C21: =C12+C20 -> 39 | D21: =D12+D20 -> 18 | E21: =E12+E20 -> 0 | F21: =F12+F20 -> 57 | G21: =G12+G20 -> 1 | H21: =H12+H20 -> 0 | I21: =I12+I20 -> 0 | J21: =J12+J20 -> 1 | ... U21: =U12+U20 -> 61
A22: 46025 | B22: 조국일 | F22: =SUM(C22:E22) -> 0 | U22: =sum(G22:T22) -> 0
B23: 최리선 | F23: =SUM(C23:E23) -> 0 | U23: =sum(G23:T23) -> 0
B24: 안영호 | C24: 3 | F24: =SUM(C24:E24) -> 3 | P24: 3 | U24: =sum(G24:T24) -> 3
B25: 박상준 | C25: 5 | D25: 2 | F25: =SUM(C25:E25) -> 7 | P25: 7 | U25: =sum(G25:T25) -> 7
B26: 김영민 | F26: =SUM(C26:E26) -> 0 | U26: =sum(G26:T26) -> 0
B27: 임종혁 | F27: =SUM(C27:E27) -> 0 | U27: =sum(G27:T27) -> 0
B28: 마명철 | C28: 0 | D28: 0 | F28: =SUM(C28:E28) -> 0 | U28: =sum(G28:T28) -> 0
B29: 일일누계 | C29: =SUM(C22:C28) -> 8 | D29: =SUM(D22:D28) -> 2 | E29: =SUM(E22:E28) -> 0 | F29: =SUM(F22:F28) -> 10 | G29: =SUM(G22:G28) -> 0 | H29: =SUM(H22:H28) -> 0 | I29: =SUM(I22:I28) -> 0 | J29: =SUM(J22:J28) -> 0 | ... T29: =SUM(T22:T28) -> 0 | U29: =sum(G29:T29) -> 10
B30: 총누계 | C30: =C21+C29 -> 47 | D30: =D21+D29 -> 20 | E30: =E21+E29 -> 0 | F30: =F21+F29 -> 67 | G30: =G21+G29 -> 1 | H30: =H21+H29 -> 0 | I30: =I21+I29 -> 0 | J30: =J21+J29 -> 1 | ... U30: =U21+U29 -> 71
A31: 46026 | B31: 조국일 | F31: =SUM(C31:E31) -> 0 | U31: =sum(G31:T31) -> 0
B32: 최리선 | F32: =SUM(C32:E32) -> 0 | U32: =sum(G32:T32) -> 0
B33: 안영호 | F33: =SUM(C33:E33) -> 0 | U33: =sum(G33:T33) -> 0
B34: 박상준 | F34: =SUM(C34:E34) -> 0 | U34: =sum(G34:T34) -> 0
B35: 김영민 | F35: =SUM(C35:E35) -> 0 | U35: =sum(G35:T35) -> 0
B36: 임종혁 | F36: =SUM(C36:E36) -> 0 | U36: =sum(G36:T36) -> 0 | W36: 62 | X36: 20 | Y36: 0 | Z36: 82 | AA36: 2 | AB36: 0 | AC36: 1 | AD36: 0 | AE36: 0 | AF36: 8 | AG36: 0 | AH36: 0 | AI36: 1 | AJ36: 46 | AK36: 0 | AL36: 16 | AM36: 0 | AN36: 8
B37: 마명철 | F37: =SUM(C37:E37) -> 0 | U37: =sum(G37:T37) -> 0 | W37: 35 | X37: 16 | Y37: 0 | Z37: 51 | AA37: 2 | AB37: 0 | AC37: 0 | AD37: 1 | AE37: 0 | AF37: 0 | AG37: 0 | AH37: 0 | AI37: 3 | AJ37: 21 | AK37: 0 | AL37: 25 | AM37: 0 | AN37: 2
B38: 일일누계 | C38: =SUM(C31:C37) -> 0 | D38: =SUM(D31:D37) -> 0 | E38: =SUM(E31:E37) -> 0 | F38: =SUM(F31:F37) -> 0 | G38: =SUM(G31:G37) -> 0 | H38: =SUM(H31:H37) -> 0 | I38: =SUM(I31:I37) -> 0 | J38: =SUM(J31:J37) -> 0 | ... T38: =SUM(T31:T37) -> 0 | U38: =sum(G38:T38) -> 0 | V38: 구분 | W38: 정신상담 | X38: 알콜상담 | Y38: 기타상담 | Z38: 소계 | AA38: 자의입원 | AB38: 응급입원 | AC38: 보호진단 | AD38: 시설입소(자활, 재활, 요양) | AE38: 시설입소(타복지시설) | AF38: 지원주택 | AG38: 주거지원 | AH38: 물품제공 | AI38: 기타(외래) | AJ38: 외래진료 | AK38: 병원방문 | AL38: 주거지방문 | AM38: 투약관리 | AN38: 기타(척도, 내방)
B39: 총누계 | C39: =C30+C38 -> 47 | D39: =D30+D38 -> 20 | E39: =E30+E38 -> 0 | F39: =F30+F38 -> 67 | G39: =G30+G38 -> 1 | H39: =H30+H38 -> 0 | I39: =I30+I38 -> 0 | J39: =J30+J38 -> 1 | ... U39: =U30+U38 -> 71 | V39: 1월 1주차 | W39: =W36+W37 -> 97 | X39: =X36+X37 -> 36 | Y39: =Y36+Y37 -> 0 | Z39: =Z36+Z37 -> 133 | AA39: =AA36+AA37 -> 4 | AB39: =AB36+AB37 -> 0 | AC39: =AC36+AC37 -> 1 | AD39: =AD36+AD37 -> 1 | ... AN39: =AN36+AN37 -> 10
A40: 46027 | B40: 조국일 | C40: 2 | F40: =SUM(C40:E40) -> 2 | H40: 1 | P40: 1 | U40: =sum(G40:T40) -> 2
B41: 최리선 | C41: 2 | D41: 1 | F41: =SUM(C41:E41) -> 3 | T41: 3 | U41: =sum(G41:T41) -> 3
B42: 안영호 | F42: =SUM(C42:E42) -> 0 | U42: =sum(G42:T42) -> 0
B43: 박상준 | C43: 8 | D43: 4 | F43: =SUM(C43:E43) -> 12 | P43: 12 | T43: 1 | U43: =sum(G43:T43) -> 13
B44: 김영민 | C44: 10 | D44: 2 | F44: =SUM(C44:E44) -> 12 | P44: 9 | T44: 3 | U44: =sum(G44:T44) -> 12
B45: 임종혁 | C45: 2 | F45: =SUM(C45:E45) -> 2 | L45: 1 | T45: 1 | U45: =sum(G45:T45) -> 2
B46: 마명철 | C46: 0 | D46: 0 | F46: =SUM(C46:E46) -> 0 | U46: =sum(G46:T46) -> 0
B47: 일일누계 | C47: =SUM(C40:C46) -> 24 | D47: =SUM(D40:D46) -> 7 | E47: =SUM(E40:E46) -> 0 | F47: =SUM(F40:F46) -> 31 | G47: =SUM(G40:G46) -> 0 | H47: =SUM(H40:H46) -> 1 | I47: =SUM(I40:I46) -> 0 | J47: =SUM(J40:J46) -> 0 | ... T47: =SUM(T40:T46) -> 8 | U47: =sum(G47:T47) -> 32
B48: 총누계 | C48: =C39+C47 -> 71 | D48: =D39+D47 -> 27 | E48: =E39+E47 -> 0 | F48: =F39+F47 -> 98 | G48: =G39+G47 -> 1 | H48: =H39+H47 -> 1 | I48: =I39+I47 -> 0 | J48: =J39+J47 -> 1 | ... U48: =U39+U47 -> 103
A49: 46028 | B49: 조국일 | C49: 1 | D49: 2 | F49: =SUM(C49:E49) -> 3 | P49: 1 | T49: 2 | U49: =sum(G49:T49) -> 3
B50: 최리선 | C50: 13 | F50: =SUM(C50:E50) -> 13 | P50: 12 | T50: 1 | U50: =sum(G50:T50) -> 13
B51: 안영호 | F51: =SUM(C51:E51) -> 0 | U51: =sum(G51:T51) -> 0
B52: 박상준 | C52: 2 | F52: =SUM(C52:E52) -> 2 | P52: 2 | T52: 1 | U52: =sum(G52:T52) -> 3
B53: 김영민 | D53: 2 | F53: =SUM(C53:E53) -> 2 | P53: 1 | T53: 1 | U53: =sum(G53:T53) -> 2
B54: 임종혁 | C54: 3 | D54: 3 | F54: =SUM(C54:E54) -> 6 | L54: 1 | P54: 2 | T54: 6 | U54: =sum(G54:T54) -> 9
B55: 마명철 | C55: 0 | D55: 0 | F55: =SUM(C55:E55) -> 0 | U55: =sum(G55:T55) -> 0
B56: 일일누계 | C56: =SUM(C49:C55) -> 19 | D56: =SUM(D49:D55) -> 7 | E56: =SUM(E49:E55) -> 0 | F56: =SUM(F49:F55) -> 26 | G56: =SUM(G49:G55) -> 0 | H56: =SUM(H49:H55) -> 0 | I56: =SUM(I49:I55) -> 0 | J56: =SUM(J49:J55) -> 0 | ... T56: =SUM(T49:T55) -> 11 | U56: =sum(G56:T56) -> 30
B57: 총누계 | C57: =C48+C56 -> 90 | D57: =D48+D56 -> 34 | E57: =E48+E56 -> 0 | F57: =F48+F56 -> 124 | G57: =G48+G56 -> 1 | H57: =H48+H56 -> 1 | I57: =I48+I56 -> 0 | J57: =J48+J56 -> 1 | ... U57: =U48+U56 -> 133
A58: 46029 | B58: 조국일 | C58: 2 | D58: 2 | F58: =SUM(C58:E58) -> 4 | G58: 1 | P58: 2 | T58: 1 | U58: =sum(G58:T58) -> 4
B59: 최리선 | C59: 13 | F59: =SUM(C59:E59) -> 13 | P59: 13 | T59: 1 | U59: =sum(G59:T59) -> 14
B60: 안영호 | C60: 3 | F60: =SUM(C60:E60) -> 3 | H60: 1 | L60: 1 | T60: 1 | U60: =sum(G60:T60) -> 3
B61: 박상준 | F61: =SUM(C61:E61) -> 0 | U61: =sum(G61:T61) -> 0
B62: 김영민 | D62: 2 | F62: =SUM(C62:E62) -> 2 | P62: 1 | T62: 1 | U62: =sum(G62:T62) -> 2
B63: 임종혁 | C63: 1 | D63: 3 | F63: =SUM(C63:E63) -> 4 | G63: 2 | N63: 2 | P63: 1 | T63: 3 | U63: =sum(G63:T63) -> 8
B64: 마명철 | C64: 0 | D64: 1 | F64: =SUM(C64:E64) -> 1 | O64: 1 | U64: =sum(G64:T64) -> 1
B65: 일일누계 | C65: =SUM(C58:C64) -> 19 | D65: =SUM(D58:D64) -> 8 | E65: =SUM(E58:E64) -> 0 | F65: =SUM(F58:F64) -> 27 | G65: =SUM(G58:G64) -> 3 | H65: =SUM(H58:H64) -> 1 | I65: =SUM(I58:I64) -> 0 | J65: 0 | K65: =SUM(K58:K64) -> 0 | L65: =SUM(L58:L64) -> 1 | M65: =SUM(M58:M64) -> 0 | N65: =SUM(N58:N64) -> 2 | O65: =SUM(O58:O64) -> 1 | P65: =SUM(P58:P64) -> 17 | Q65: =SUM(Q58:Q64) -> 0 | R65: =SUM(R58:R64) -> 0 | ... T65: =SUM(T58:T64) -> 7 | U65: =sum(G65:T65) -> 32
B66: 총누계 | C66: =SUM(C57,C65) -> 109 | D66: =SUM(D57,D65) -> 42 | E66: =SUM(E57,E65) -> 0 | F66: =F57+F65 -> 151 | G66: =G57+G65 -> 4 | H66: =H57+H65 -> 2 | I66: =I57+I65 -> 0 | J66: =J57+J65 -> 1 | K66: =K57+K65 -> 0 | L66: =L57+L65 -> 3 | M66: =M57+M65 -> 0 | ... U66: =U57+U65 -> 165
A67: 46030 | B67: 조국일 | C67: 2 | D67: 1 | F67: =SUM(C67:E67) -> 3 | P67: 1 | T67: 2 | U67: =sum(G67:T67) -> 3
B68: 최리선 | F68: =SUM(C68:E68) -> 0 | U68: =sum(G68:T68) -> 0
B69: 안영호 | C69: 2 | F69: =SUM(C69:E69) -> 2 | I69: 1 | P69: 1 | U69: =sum(G69:T69) -> 2
B70: 박상준 | C70: 30 | D70: 9 | F70: =SUM(C70:E70) -> 39 | R70: 39 | U70: =sum(G70:T70) -> 39
B71: 김영민 | C71: 9 | D71: 5 | F71: =SUM(C71:E71) -> 14 | L71: 1 | P71: 12 | T71: 1 | U71: =sum(G71:T71) -> 14
B72: 임종혁 | F72: =SUM(C72:E72) -> 0 | U72: =sum(G72:T72) -> 0
B73: 마명철 | C73: 0 | D73: 0 | F73: =SUM(C73:E73) -> 0 | U73: =sum(G73:T73) -> 0
B74: 일일누계 | C74: =SUM(C67:C73) -> 43 | D74: =SUM(D67:D73) -> 15 | E74: =SUM(E67:E73) -> 0 | F74: =SUM(F67:F73) -> 58 | G74: =SUM(G67:G73) -> 0 | H74: =SUM(H67:H73) -> 0 | I74: =SUM(I67:I73) -> 1 | J74: =SUM(J67:J73) -> 0 | ... T74: =SUM(T67:T73) -> 3 | U74: =sum(G74:T74) -> 58
B75: 총누계 | C75: =C66+C74 -> 152 | D75: =D66+D74 -> 57 | E75: =E66+E74 -> 0 | F75: =F66+F74 -> 209 | G75: =G66+G74 -> 4 | H75: =H66+H74 -> 2 | I75: =I66+I74 -> 1 | J75: =J66+J74 -> 1 | ... U75: =U66+U74 -> 223
A76: 46031 | B76: 조국일 | C76: 4 | F76: =SUM(C76:E76) -> 4 | P76: 4 | U76: =sum(G76:T76) -> 4
B77: 최리선 | C77: 2 | F77: =SUM(C77:E77) -> 2 | G77: 1 | T77: 1 | U77: =sum(G77:T77) -> 2
B78: 안영호 | C78: 1 | F78: =SUM(C78:E78) -> 1 | P78: 1 | U78: =sum(G78:T78) -> 1
B79: 박상준 | F79: =SUM(C79:E79) -> 0 | U79: =sum(G79:T79) -> 0
B80: 김영민 | F80: =SUM(C80:E80) -> 0 | U80: =sum(G80:T80) -> 0
B81: 임종혁 | C81: 10 | D81: 3 | F81: =SUM(C81:E81) -> 13 | P81: 3 | R81: 3 | T81: 10 | U81: =sum(G81:T81) -> 16
B82: 마명철 | C82: 1 | D82: 0 | F82: =SUM(C82:E82) -> 1 | P82: 1 | U82: =sum(G82:T82) -> 1
B83: 일일누계 | C83: =SUM(C76:C82) -> 18 | D83: =SUM(D76:D82) -> 3 | E83: =SUM(E76:E82) -> 0 | F83: =SUM(F76:F82) -> 21 | G83: =SUM(G76:G82) -> 1 | H83: =SUM(H76:H82) -> 0 | I83: =SUM(I76:I82) -> 0 | J83: =SUM(J76:J82) -> 0 | ... T83: =SUM(T76:T82) -> 11 | U83: =sum(G83:T83) -> 24
B84: 총누계 | C84: =C75+C83 -> 170 | D84: =D75+D83 -> 60 | E84: =E75+E83 -> 0 | F84: =F75+F83 -> 230 | G84: =G75+G83 -> 5 | H84: =H75+H83 -> 2 | I84: =I75+I83 -> 1 | J84: =J75+J83 -> 1 | ... U84: =U75+U83 -> 247
A85: 46032 | B85: 조국일 | F85: =SUM(C85:E85) -> 0 | U85: =sum(G85:T85) -> 0
B86: 최리선 | F86: =SUM(C86:E86) -> 0 | U86: =sum(G86:T86) -> 0
B87: 안영호 | F87: =SUM(C87:E87) -> 0 | U87: =sum(G87:T87) -> 0
B88: 박상준 | C88: 7 | D88: 2 | F88: =SUM(C88:E88) -> 9 | P88: 9 | U88: =sum(G88:T88) -> 9
B89: 김영민 | C89: 1 | D89: 1 | F89: =SUM(C89:E89) -> 2 | T89: 2 | U89: =sum(G89:T89) -> 2
B90: 임종혁 | F90: =SUM(C90:E90) -> 0 | U90: =sum(G90:T90) -> 0
B91: 마명철 | F91: =SUM(C91:E91) -> 0 | U91: =sum(G91:T91) -> 0
B92: 일일누계 | C92: =SUM(C85:C91) -> 8 | D92: =SUM(D85:D91) -> 3 | E92: =SUM(E85:E91) -> 0 | F92: =SUM(F85:F91) -> 11 | G92: =SUM(G85:G91) -> 0 | H92: =SUM(H85:H91) -> 0 | I92: =SUM(I85:I91) -> 0 | J92: =SUM(J85:J91) -> 0 | ... T92: =SUM(T85:T91) -> 2 | U92: =sum(G92:T92) -> 11
B93: 총누계 | C93: =C84+C92 -> 178 | D93: =D84+D92 -> 63 | E93: =E84+E92 -> 0 | F93: =F84+F92 -> 241 | G93: =G84+G92 -> 5 | H93: =H84+H92 -> 2 | I93: =I84+I92 -> 1 | J93: =J84+J92 -> 1 | ... U93: =U84+U92 -> 258
A94: 46033 | B94: 조국일 | F94: =SUM(C94:E94) -> 0 | U94: =sum(G94:T94) -> 0
B95: 최리선 | F95: =SUM(C95:E95) -> 0 | U95: =sum(G95:T95) -> 0
B96: 안영호 | F96: =SUM(C96:E96) -> 0 | U96: =sum(G96:T96) -> 0
B97: 박상준 | D97: 1 | F97: =SUM(C97:E97) -> 1 | T97: 1 | U97: =sum(G97:T97) -> 1
B98: 김영민 | F98: =SUM(C98:E98) -> 0 | U98: =sum(G98:T98) -> 0
B99: 임종혁 | F99: =SUM(C99:E99) -> 0 | U99: =sum(G99:T99) -> 0
B100: 마명철 | F100: =SUM(C100:E100) -> 0 | U100: =sum(G100:T100) -> 0
B101: 일일누계 | C101: =SUM(C94:C100) -> 0 | D101: =SUM(D94:D100) -> 1 | E101: =SUM(E94:E100) -> 0 | F101: =SUM(F94:F100) -> 1 | G101: =SUM(G94:G100) -> 0 | H101: =SUM(H94:H100) -> 0 | I101: =SUM(I94:I100) -> 0 | J101: =SUM(J94:J100) -> 0 | ... T101: =SUM(T94:T100) -> 1 | U101: =sum(G101:T101) -> 1 | V101: 구분 | W101: 정신상담 | X101: 알콜상담 | Y101: 기타상담 | Z101: 소계 | AA101: 자의입원 | AB101: 응급입원 | AC101: 보호진단 | AD101: 시설입소(자활, 재활, 요양) | AE101: 시설입소(타복지시설) | AF101: 지원주택 | AG101: 주거지원 | AH101: 물품제공 | AI101: 기타(외래) | AJ101: 외래진료 | AK101: 병원방문 | AL101: 주거지방문 | AM101: 투약관리 | AN101: 기타(척도, 내방)
...

Sheet 2026년2월
A2: 날짜 | B2: 담당 | C2: 상담(거리 및 내방) | G2: 조치 | P2: 조치후 사례관리
B3: 이름 | C3: 정신상담 | D3: 알콜상담 | E3: 기타상담 | F3: 소계 | G3: 자의입원 | H3: 응급입원 | I3: 보호진단 | J3: 시설입소 (노숙영역) | K3: 시설입소 (타복지영역) | L3: 지원주택 | M3: 주거지원 | N3: 물품제공 | O3: 기타 (귀가,외래등) | P3: 외래진료 | Q3: 병원방문 | R3: 주거지방문 | S3: 투약관리 | T3: 기타 (척도, 내방) | U3: 합계
A4: 46054 | B4: 조국일 | F4: =SUM(C4:E4) -> 0 | U4: =sum(G4:T4) -> 0
B5: 최리선 | F5: =SUM(C5:E5) -> 0 | U5: =sum(G5:T5) -> 0
B6: 안영호 | F6: =SUM(C6:E6) -> 0 | U6: =sum(G6:T6) -> 0
B7: 박상준 | F7: =SUM(C7:E7) -> 0 | U7: =sum(G7:T7) -> 0
B8: 김영민 | F8: =SUM(C8:E8) -> 0 | U8: =sum(G8:T8) -> 0
B9: 임종혁 | F9: =SUM(C9:E9) -> 0 | U9: =sum(G9:T9) -> 0
B10: 마명철 | F10: =SUM(C10:E10) -> 0 | U10: =sum(G10:T10) -> 0
B11: 일일누계 | C11: =SUM(C4:C10) -> 0 | D11: =SUM(D4:D10) -> 0 | E11: =SUM(E4:E10) -> 0 | F11: =SUM(F4:F10) -> 0 | G11: =SUM(G4:G10) -> 0 | H11: =SUM(H4:H10) -> 0 | I11: =SUM(I4:I10) -> 0 | J11: =SUM(J4:J10) -> 0 | ... T11: =SUM(T4:T10) -> 0 | U11: =sum(G11:T11) -> 0 | V11: 구분 | W11: 정신상담 | X11: 알콜상담 | Y11: 기타상담 | Z11: 소계 | AA11: 자의입원 | AB11: 응급입원 | AC11: 보호진단 | AD11: 시설입소(자활, 재활, 요양) | AE11: 시설입소(타복지시설) | AF11: 지원주택 | AG11: 주거지원 | AH11: 물품제공 | AI11: 기타(외래) | AJ11: 외래진료 | AK11: 병원방문 | AL11: 주거지방문 | AM11: 투약관리 | AN11: 기타(척도, 내방)
B12: 총누계 | C12: =C11+'2026년1월'!C282 -> 583 | D12: =D11+'2026년1월'!D282 -> 229 | E12: =E11+'2026년1월'!E282 -> 2 | F12: =F11+'2026년1월'!F282 -> 814 | G12: =G11+'2026년1월'!G282 -> 12 | H12: =H11+'2026년1월'!H282 -> 8 | I12: =I11+'2026년1월'!I282 -> 6 | J12: =J11+'2026년1월'!J282 -> 1 | ... U12: =U11+'2026년1월'!U282 -> 894 | V12: 2월 1주차 | W12: =SUM('2026년1월'!C229:C233,'2026년1월'!C238:C242,'2026년1월'!C247:C251,'2026년1월'!C256:C260,'2026년1월'!C265:C269,'2026년1월'!C274:C278,C4:C8) -> 132 | X12: =SUM('2026년1월'!D229:D233,'2026년1월'!D238:D242,'2026년1월'!D247:D251,'2026년1월'!D256:D260,'2026년1월'!D265:D269,'2026년1월'!D274:D278,D4:D8) -> 48 | Y12: =SUM('2026년1월'!E229:E233,'2026년1월'!E238:E242,'2026년1월'!E247:E251,'2026년1월'!E256:E260,'2026년1월'!E265:E269,'2026년1월'!E274:E278,E4:E8) -> 0 | Z12: =SUM('2026년1월'!F229:F233,'2026년1월'!F238:F242,'2026년1월'!F247:F251,'2026년1월'!F256:F260,'2026년1월'!F265:F269,'2026년1월'!F274:F278,F4:F8) -> 180 | AA12: =SUM('2026년1월'!G229:G233,'2026년1월'!G238:G242,'2026년1월'!G247:G251,'2026년1월'!G256:G260,'2026년1월'!G265:G269,'2026년1월'!G274:G278,G4:G8) -> 0 | AB12: =SUM('2026년1월'!H229:H233,'2026년1월'!H238:H242,'2026년1월'!H247:H251,'2026년1월'!H256:H260,'2026년1월'!H265:H269,'2026년1월'!H274:H278,H4:H8) -> 4 | AC12: =SUM('2026년1월'!I229:I233,'2026년1월'!I238:I242,'2026년1월'!I247:I251,'2026년1월'!I256:I260,'2026년1월'!I265:I269,'2026년1월'!I274:I278,I4:I8) -> 2 | AD12: =SUM('2026년1월'!J229:J233,'2026년1월'!J238:J242,'2026년1월'!J247:J251,'2026년1월'!J256:J260,'2026년1월'!J265:J269,'2026년1월'!J274:J278,J4:J8) -> 0 | ... AN12: =SUM('2026년1월'!T229:T233,'2026년1월'!T238:T242,'2026년1월'!T247:T251,'2026년1월'!T256:T260,'2026년1월'!T265:T269,'2026년1월'!T274:T278,T4:T8) -> 27
A13: 46055 | B13: 조국일 | C13: 1 | F13: =SUM(C13:E13) -> 1 | S13: 1 | U13: =sum(G13:T13) -> 1
B14: 최리선 | C14: 1 | D14: 1 | F14: =SUM(C14:E14) -> 2 | P14: 1 | T14: 1 | U14: =sum(G14:T14) -> 2
B15: 안영호 | F15: =SUM(C15:E15) -> 0 | U15: =sum(G15:T15) -> 0
B16: 박상준 | C16: 18 | D16: 6 | F16: =SUM(C16:E16) -> 24 | P16: 23 | T16: 1 | U16: =sum(G16:T16) -> 24
B17: 김영민 | F17: =SUM(C17:E17) -> 0 | U17: =sum(G17:T17) -> 0
B18: 임종혁 | C18: 1 | D18: 1 | F18: =SUM(C18:E18) -> 2 | T18: 2 | U18: =sum(G18:T18) -> 2
B19: 마명철 | C19: 0 | D19: 0 | F19: =SUM(C19:E19) -> 0 | U19: =sum(G19:T19) -> 0
B20: 일일누계 | C20: =SUM(C13:C19) -> 21 | D20: =SUM(D13:D19) -> 8 | E20: =SUM(E13:E19) -> 0 | F20: =SUM(F13:F19) -> 29 | G20: =SUM(G13:G19) -> 0 | H20: =SUM(H13:H19) -> 0 | I20: =SUM(I13:I19) -> 0 | J20: =SUM(J13:J19) -> 0 | ... T20: =SUM(T13:T19) -> 4 | U20: =sum(G20:T20) -> 29
B21: 총누계 | C21: =C12+C20 -> 604 | D21: =D12+D20 -> 237 | E21: =E12+E20 -> 2 | F21: =F12+F20 -> 843 | G21: =G12+G20 -> 12 | H21: =H12+H20 -> 8 | I21: =I12+I20 -> 6 | J21: =J12+J20 -> 1 | ... U21: =U12+U20 -> 923
A22: 46056 | B22: 조국일 | C22: 0 | D22: 0 | E22: 0 | F22: =SUM(C22:E22) -> 0 | U22: =sum(G22:T22) -> 0
B23: 최리선 | C23: 14 | D23: 4 | F23: =SUM(C23:E23) -> 18 | P23: 15 | T23: 3 | U23: =sum(G23:T23) -> 18
B24: 안영호 | C24: 3 | D24: 1 | F24: =SUM(C24:E24) -> 4 | G24: 1 | J24: 1 | P24: 1 | T24: 1 | U24: =sum(G24:T24) -> 4
B25: 박상준 | C25: 4 | F25: =SUM(C25:E25) -> 4 | L25: 1 | N25: 3 | U25: =sum(G25:T25) -> 4
B26: 김영민 | C26: 2 | F26: =SUM(C26:E26) -> 2 | I26: 1 | T26: 1 | U26: =sum(G26:T26) -> 2
B27: 임종혁 | C27: 3 | D27: 4 | F27: =SUM(C27:E27) -> 7 | P27: 1 | R27: 2 | T27: 6 | U27: =sum(G27:T27) -> 9
B28: 마명철 | C28: 0 | D28: 0 | F28: =SUM(C28:E28) -> 0 | U28: =sum(G28:T28) -> 0
B29: 일일누계 | C29: =SUM(C22:C28) -> 26 | D29: =SUM(D22:D28) -> 9 | E29: =SUM(E22:E28) -> 0 | F29: =SUM(F22:F28) -> 35 | G29: =SUM(G22:G28) -> 1 | H29: =SUM(H22:H28) -> 0 | I29: =SUM(I22:I28) -> 1 | J29: =SUM(J22:J28) -> 1 | ... T29: =SUM(T22:T28) -> 11 | U29: =sum(G29:T29) -> 37
B30: 총누계 | C30: =C21+C29 -> 630 | D30: =D21+D29 -> 246 | E30: =E21+E29 -> 2 | F30: =F21+F29 -> 878 | G30: =G21+G29 -> 13 | H30: =H21+H29 -> 8 | I30: =I21+I29 -> 7 | J30: =J21+J29 -> 2 | ... U30: =U21+U29 -> 960
A31: 46057 | B31: 조국일 | C31: 1 | D31: 2 | F31: =SUM(C31:E31) -> 3 | T31: 3 | U31: =sum(G31:T31) -> 3
B32: 최리선 | C32: 16 | D32: 6 | F32: =SUM(C32:E32) -> 22 | P32: 18 | T32: 4 | U32: =sum(G32:T32) -> 22
B33: 안영호 | C33: 2 | D33: 1 | F33: =SUM(C33:E33) -> 3 | T33: 3 | U33: =sum(G33:T33) -> 3
B34: 박상준 | F34: =SUM(C34:E34) -> 0 | U34: =sum(G34:T34) -> 0
B35: 김영민 | C35: 1 | D35: 1 | F35: =SUM(C35:E35) -> 2 | T35: 2 | U35: =sum(G35:T35) -> 2
B36: 임종혁 | C36: 4 | D36: 2 | F36: =SUM(C36:E36) -> 6 | P36: 3 | R36: 1 | T36: 7 | U36: =sum(G36:T36) -> 11
B37: 마명철 | C37: 1 | F37: =SUM(C37:E37) -> 1 | O37: 1 | U37: =sum(G37:T37) -> 1
B38: 일일누계 | C38: =SUM(C31:C37) -> 25 | D38: =SUM(D31:D37) -> 12 | E38: =SUM(E31:E37) -> 0 | F38: =SUM(F31:F37) -> 37 | G38: =SUM(G31:G37) -> 0 | H38: =SUM(H31:H37) -> 0 | I38: =SUM(I31:I37) -> 0 | J38: =SUM(J31:J37) -> 0 | ... T38: =SUM(T31:T37) -> 19 | U38: =sum(G38:T38) -> 42
B39: 총누계 | C39: =C30+C38 -> 655 | D39: =D30+D38 -> 258 | E39: =E30+E38 -> 2 | F39: =F30+F38 -> 915 | G39: =G30+G38 -> 13 | H39: =H30+H38 -> 8 | I39: =I30+I38 -> 7 | J39: =J30+J38 -> 2 | ... U39: =U30+U38 -> 1002
A40: 46058 | B40: 조국일 | F40: =SUM(C40:E40) -> 0 | U40: =sum(G40:T40) -> 0
B41: 최리선 | D41: 2 | F41: =SUM(C41:E41) -> 2 | G41: 1 | U41: =sum(G41:T41) -> 1
B42: 안영호 | C42: 3 | D42: 1 | F42: =SUM(C42:E42) -> 4 | P42: 2 | T42: 2 | U42: =sum(G42:T42) -> 4
B43: 박상준 | C43: 15 | D43: 7 | F43: =SUM(C43:E43) -> 22 | G43: 1 | R43: 21 | U43: =sum(G43:T43) -> 22
B44: 김영민 | C44: 15 | D44: 4 | F44: =SUM(C44:E44) -> 19 | G44: 1 | P44: 18 | U44: =sum(G44:T44) -> 19
B45: 임종혁 | C45: 1 | D45: 6 | F45: =SUM(C45:E45) -> 7 | P45: 1 | T45: 6 | U45: =sum(G45:T45) -> 7
B46: 마명철 | C46: 0 | D46: 0 | F46: =SUM(C46:E46) -> 0 | U46: =sum(G46:T46) -> 0
B47: 일일누계 | C47: =SUM(C40:C46) -> 34 | D47: =SUM(D40:D46) -> 20 | E47: =SUM(E40:E46) -> 0 | F47: =SUM(F40:F46) -> 54 | G47: =SUM(G40:G46) -> 3 | H47: =SUM(H40:H46) -> 0 | I47: =SUM(I40:I46) -> 0 | J47: =SUM(J40:J46) -> 0 | ... T47: =SUM(T40:T46) -> 8 | U47: =sum(G47:T47) -> 53
B48: 총누계 | C48: =C39+C47 -> 689 | D48: =D39+D47 -> 278 | E48: =E39+E47 -> 2 | F48: =F39+F47 -> 969 | G48: =G39+G47 -> 16 | H48: =H39+H47 -> 8 | I48: =I39+I47 -> 7 | J48: =J39+J47 -> 2 | ... U48: =U39+U47 -> 1055
A49: 46059 | B49: 조국일 | C49: 3 | F49: =SUM(C49:E49) -> 3 | P49: 2 | T49: 1 | U49: =sum(G49:T49) -> 3
B50: 최리선 | D50: 1 | F50: =SUM(C50:E50) -> 1 | U50: =sum(G50:T50) -> 0
B51: 안영호 | C51: 18 | D51: 7 | F51: =SUM(C51:E51) -> 25 | G51: 1 | P51: 20 | T51: 4 | U51: =sum(G51:T51) -> 25
B52: 박상준 | C52: 13 | D52: 1 | F52: =SUM(C52:E52) -> 14 | M52: 14 | U52: =sum(G52:T52) -> 14
B53: 김영민 | C53: 4 | D53: 1 | F53: =SUM(C53:E53) -> 5 | P53: 3 | T53: 2 | U53: =sum(G53:T53) -> 5
B54: 임종혁 | C54: 2 | D54: 2 | E54: 2 | F54: =SUM(C54:E54) -> 6 | H54: 1 | P54: 2 | T54: 5 | U54: =sum(G54:T54) -> 8
B55: 마명철 | C55: 0 | D55: 0 | F55: =SUM(C55:E55) -> 0 | U55: =sum(G55:T55) -> 0
B56: 일일누계 | C56: =SUM(C49:C55) -> 40 | D56: =SUM(D49:D55) -> 12 | E56: =SUM(E49:E55) -> 2 | F56: =SUM(F49:F55) -> 54 | G56: =SUM(G49:G55) -> 1 | H56: =SUM(H49:H55) -> 1 | I56: =SUM(I49:I55) -> 0 | J56: =SUM(J49:J55) -> 0 | ... T56: =SUM(T49:T55) -> 12 | U56: =sum(G56:T56) -> 55
B57: 총누계 | C57: =C48+C56 -> 729 | D57: =D48+D56 -> 290 | E57: =E48+E56 -> 4 | F57: =F48+F56 -> 1023 | G57: =G48+G56 -> 17 | H57: =H48+H56 -> 9 | I57: =I48+I56 -> 7 | J57: =J48+J56 -> 2 | ... U57: =U48+U56 -> 1110
A58: 46060 | B58: 조국일 | F58: =SUM(C58:E58) -> 0 | U58: =sum(G58:T58) -> 0
B59: 최리선 | F59: =SUM(C59:E59) -> 0 | U59: =sum(G59:T59) -> 0
B60: 안영호 | F60: =SUM(C60:E60) -> 0 | U60: =sum(G60:T60) -> 0
B61: 박상준 | C61: 12 | D61: 1 | F61: =SUM(C61:E61) -> 13 | P61: 13 | U61: =sum(G61:T61) -> 13
B62: 김영민 | F62: =SUM(C62:E62) -> 0 | U62: =sum(G62:T62) -> 0
B63: 임종혁 | F63: =SUM(C63:E63) -> 0 | U63: =sum(G63:T63) -> 0
B64: 마명철 | F64: =SUM(C64:E64) -> 0 | U64: =sum(G64:T64) -> 0
B65: 일일누계 | C65: =SUM(C58:C64) -> 12 | D65: =SUM(D58:D64) -> 1 | E65: =SUM(E58:E64) -> 0 | F65: =SUM(F58:F64) -> 13 | G65: =SUM(G58:G64) -> 0 | H65: =SUM(H58:H64) -> 0 | I65: =SUM(I58:I64) -> 0 | J65: 0 | K65: =SUM(K58:K64) -> 0 | L65: =SUM(L58:L64) -> 0 | M65: =SUM(M58:M64) -> 0 | N65: =SUM(N58:N64) -> 0 | O65: =SUM(O58:O64) -> 0 | P65: =SUM(P58:P64) -> 13 | Q65: =SUM(Q58:Q64) -> 0 | R65: =SUM(R58:R64) -> 0 | ... T65: =SUM(T58:T64) -> 0 | U65: =sum(G65:T65) -> 13
B66: 총누계 | C66: =SUM(C57,C65) -> 741 | D66: =SUM(D57,D65) -> 291 | E66: =SUM(E57,E65) -> 4 | F66: =F57+F65 -> 1036 | G66: =G57+G65 -> 17 | H66: =H57+H65 -> 9 | I66: =I57+I65 -> 7 | J66: =J57+J65 -> 2 | K66: =K57+K65 -> 0 | L66: =L57+L65 -> 21 | M66: =M57+M65 -> 31 | ... U66: =U57+U65 -> 1123
A67: 46061 | B67: 조국일 | F67: =SUM(C67:E67) -> 0 | U67: =sum(G67:T67) -> 0
B68: 최리선 | F68: =SUM(C68:E68) -> 0 | U68: =sum(G68:T68) -> 0
B69: 안영호 | F69: =SUM(C69:E69) -> 0 | U69: =sum(G69:T69) -> 0
B70: 박상준 | F70: =SUM(C70:E70) -> 0 | U70: =sum(G70:T70) -> 0
B71: 김영민 | F71: =SUM(C71:E71) -> 0 | U71: =sum(G71:T71) -> 0
B72: 임종혁 | F72: =SUM(C72:E72) -> 0 | U72: =sum(G72:T72) -> 0
B73: 마명철 | F73: =SUM(C73:E73) -> 0 | U73: =sum(G73:T73) -> 0
B74: 일일누계 | C74: =SUM(C67:C73) -> 0 | D74: =SUM(D67:D73) -> 0 | E74: =SUM(E67:E73) -> 0 | F74: =SUM(F67:F73) -> 0 | G74: =SUM(G67:G73) -> 0 | H74: =SUM(H67:H73) -> 0 | I74: =SUM(I67:I73) -> 0 | J74: =SUM(J67:J73) -> 0 | ... T74: =SUM(T67:T73) -> 0 | U74: =sum(G74:T74) -> 0 | V74: 구분 | W74: 정신상담 | X74: 알콜상담 | Y74: 기타상담 | Z74: 소계 | AA74: 자의입원 | AB74: 응급입원 | AC74: 보호진단 | AD74: 시설입소(자활, 재활, 요양) | AE74: 시설입소(타복지시설) | AF74: 지원주택 | AG74: 주거지원 | AH74: 물품제공 | AI74: 기타(외래) | AJ74: 외래진료 | AK74: 병원방문 | AL74: 주거지방문 | AM74: 투약관리 | AN74: 기타(척도, 내방)
B75: 총누계 | C75: =C66+C74 -> 741 | D75: =D66+D74 -> 291 | E75: =E66+E74 -> 4 | F75: =F66+F74 -> 1036 | G75: =G66+G74 -> 17 | H75: =H66+H74 -> 9 | I75: =I66+I74 -> 7 | J75: =J66+J74 -> 2 | ... U75: =U66+U74 -> 1123 | V75: 2월 2주차 | W75: =SUM(C13:C17,C22:C26,C31:C35,C40:C44,C49:C53,C58:C62,C67:C71) -> 146 | X75: =SUM(D13:D17,D22:D26,D31:D35,D40:D44,D49:D53,D58:D62,D67:D71) -> 47 | Y75: =SUM(E13:E17,E22:E26,E31:E35,E40:E44,E49:E53,E58:E62,E67:E71) -> 0 | Z75: =SUM(F13:F17,F22:F26,F31:F35,F40:F44,F49:F53,F58:F62,F67:F71) -> 193 | AA75: =SUM(G13:G17,G22:G26,G31:G35,G40:G44,G49:G53,G58:G62,G67:G71) -> 5 | AB75: =SUM(H13:H17,H22:H26,H31:H35,H40:H44,H49:H53,H58:H62,H67:H71) -> 0 | AC75: =SUM(I13:I17,I22:I26,I31:I35,I40:I44,I49:I53,I58:I62,I67:I71) -> 1 | AD75: =SUM(J13:J17,J22:J26,J31:J35,J40:J44,J49:J53,J58:J62,J67:J71) -> 1 | ... AN75: =SUM(T13:T17,T22:T26,T31:T35,T40:T44,T49:T53,T58:T62,T67:T71) -> 28
A76: 46062 | B76: 조국일 | C76: 6 | F76: =SUM(C76:E76) -> 6 | P76: 5 | T76: 1 | U76: =sum(G76:T76) -> 6
B77: 최리선 | F77: =SUM(C77:E77) -> 0 | U77: =sum(G77:T77) -> 0
B78: 안영호 | F78: =SUM(C78:E78) -> 0 | U78: =sum(G78:T78) -> 0
B79: 박상준 | C79: 15 | D79: 7 | F79: =SUM(C79:E79) -> 22 | P79: 22 | U79: =sum(G79:T79) -> 22
B80: 김영민 | C80: 4 | D80: 2 | F80: =SUM(C80:E80) -> 6 | P80: 4 | T80: 2 | U80: =sum(G80:T80) -> 6
B81: 임종혁 | C81: 4 | D81: 1 | F81: =SUM(C81:E81) -> 5 | T81: 5 | U81: =sum(G81:T81) -> 5
B82: 마명철 | F82: =SUM(C82:E82) -> 0 | U82: =sum(G82:T82) -> 0
B83: 일일누계 | C83: =SUM(C76:C82) -> 29 | D83: =SUM(D76:D82) -> 10 | E83: =SUM(E76:E82) -> 0 | F83: =SUM(F76:F82) -> 39 | G83: =SUM(G76:G82) -> 0 | H83: =SUM(H76:H82) -> 0 | I83: =SUM(I76:I82) -> 0 | J83: =SUM(J76:J82) -> 0 | ... T83: =SUM(T76:T82) -> 8 | U83: =sum(G83:T83) -> 39
B84: 총누계 | C84: =C75+C83 -> 770 | D84: =D75+D83 -> 301 | E84: =E75+E83 -> 4 | F84: =F75+F83 -> 1075 | G84: =G75+G83 -> 17 | H84: =H75+H83 -> 9 | I84: =I75+I83 -> 7 | J84: =J75+J83 -> 2 | ... U84: =U75+U83 -> 1162
A85: 46063 | B85: 조국일 | C85: 2 | F85: =SUM(C85:E85) -> 2 | P85: 2 | U85: =sum(G85:T85) -> 2
B86: 최리선 | C86: 17 | D86: 3 | F86: =SUM(C86:E86) -> 20 | O86: 1 | P86: 18 | T86: 1 | U86: =sum(G86:T86) -> 20
B87: 안영호 | F87: =SUM(C87:E87) -> 0 | U87: =sum(G87:T87) -> 0
B88: 박상준 | C88: 1 | D88: 1 | F88: =SUM(C88:E88) -> 2 | P88: 1 | T88: 1 | U88: =sum(G88:T88) -> 2
B89: 김영민 | C89: 1 | D89: 4 | F89: =SUM(C89:E89) -> 5 | P89: 1 | R89: 2 | T89: 2 | U89: =sum(G89:T89) -> 5
B90: 임종혁 | F90: =SUM(C90:E90) -> 0 | U90: =sum(G90:T90) -> 0
B91: 마명철 | D91: 1 | F91: =SUM(C91:E91) -> 1 | H91: 1 | U91: =sum(G91:T91) -> 1
B92: 일일누계 | C92: =SUM(C85:C91) -> 21 | D92: =SUM(D85:D91) -> 9 | E92: =SUM(E85:E91) -> 0 | F92: =SUM(F85:F91) -> 30 | G92: =SUM(G85:G91) -> 0 | H92: =SUM(H85:H91) -> 1 | I92: =SUM(I85:I91) -> 0 | J92: =SUM(J85:J91) -> 0 | ... T92: =SUM(T85:T91) -> 4 | U92: =sum(G92:T92) -> 30
B93: 총누계 | C93: =C84+C92 -> 791 | D93: =D84+D92 -> 310 | E93: =E84+E92 -> 4 | F93: =F84+F92 -> 1105 | G93: =G84+G92 -> 17 | H93: =H84+H92 -> 10 | I93: =I84+I92 -> 7 | J93: =J84+J92 -> 2 | ... U93: =U84+U92 -> 1192
A94: 46064 | B94: 조국일 | C94: 3 | F94: =SUM(C94:E94) -> 3 | P94: 3 | U94: =sum(G94:T94) -> 3
B95: 최리선 | F95: =SUM(C95:E95) -> 0 | U95: =sum(G95:T95) -> 0
B96: 안영호 | C96: 5 | D96: 4 | F96: =SUM(C96:E96) -> 9 | H96: 1 | P96: 2 | T96: 6 | U96: =sum(G96:T96) -> 9
B97: 박상준 | F97: =SUM(C97:E97) -> 0 | U97: =sum(G97:T97) -> 0
B98: 김영민 | C98: 3 | D98: 2 | F98: =SUM(C98:E98) -> 5 | J98: 1 | P98: 1 | T98: 3 | U98: =sum(G98:T98) -> 5
B99: 임종혁 | F99: =SUM(C99:E99) -> 0 | U99: =sum(G99:T99) -> 0
B100: 마명철 | C100: 2 | F100: =SUM(C100:E100) -> 2 | O100: 1 | P100: 1 | U100: =sum(G100:T100) -> 2
B101: 일일누계 | C101: =SUM(C94:C100) -> 13 | D101: =SUM(D94:D100) -> 6 | E101: =SUM(E94:E100) -> 0 | F101: =SUM(F94:F100) -> 19 | G101: =SUM(G94:G100) -> 0 | H101: =SUM(H94:H100) -> 1 | I101: =SUM(I94:I100) -> 0 | J101: =SUM(J94:J100) -> 1 | ... T101: =SUM(T94:T100) -> 9 | U101: =sum(G101:T101) -> 19
...

Sheet 2026년3월
A2: 날짜 | B2: 담당 | C2: 상담(거리 및 내방) | G2: 조치 | P2: 조치후 사례관리
B3: 이름 | C3: 정신상담 | D3: 알콜상담 | E3: 기타상담 | F3: 소계 | G3: 자의입원 | H3: 응급입원 | I3: 보호진단 | J3: 시설입소 (노숙영역) | K3: 시설입소 (타복지영역) | L3: 지원주택 | M3: 주거지원 | N3: 물품제공 | O3: 기타 (귀가,외래등) | P3: 외래진료 | Q3: 병원방문 | R3: 주거지방문 | S3: 투약관리 | T3: 기타 (척도, 내방) | U3: 합계
A4: 46082 | B4: 조국일 | F4: =SUM(C4:E4) -> 0 | U4: =sum(G4:T4) -> 0
B5: 최리선 | F5: =SUM(C5:E5) -> 0 | U5: =sum(G5:T5) -> 0
B6: 안영호 | F6: =SUM(C6:E6) -> 0 | U6: =sum(G6:T6) -> 0
B7: 박상준 | F7: =SUM(C7:E7) -> 0 | U7: =sum(G7:T7) -> 0
B8: 김영민 | F8: =SUM(C8:E8) -> 0 | U8: =sum(G8:T8) -> 0
B9: 임종혁 | F9: =SUM(C9:E9) -> 0 | U9: =sum(G9:T9) -> 0
B10: 마명철 | F10: =SUM(C10:E10) -> 0 | U10: =sum(G10:T10) -> 0
B11: 일일누계 | C11: =SUM(C4:C10) -> 0 | D11: =SUM(D4:D10) -> 0 | E11: =SUM(E4:E10) -> 0 | F11: =SUM(F4:F10) -> 0 | G11: =SUM(G4:G10) -> 0 | H11: =SUM(H4:H10) -> 0 | I11: =SUM(I4:I10) -> 0 | J11: =SUM(J4:J10) -> 0 | ... T11: =SUM(T4:T10) -> 0 | U11: =sum(G11:T11) -> 0 | V11: 구분 | W11: 정신상담 | X11: 알콜상담 | Y11: 기타상담 | Z11: 소계 | AA11: 자의입원 | AB11: 응급입원 | AC11: 보호진단 | AD11: 시설입소(자활, 재활, 요양) | AE11: 시설입소(타복지시설) | AF11: 지원주택 | AG11: 주거지원 | AH11: 물품제공 | AI11: 기타(외래) | AJ11: 외래진료 | AK11: 병원방문 | AL11: 주거지방문 | AM11: 투약관리 | AN11: 기타(척도, 내방)
B12: 총누계 | C12: =C11+'2026년2월'!C282 -> 1103 | D12: =D11+'2026년2월'!D282 -> 406 | E12: =E11+'2026년2월'!E282 -> 5 | F12: =F11+'2026년2월'!F282 -> 1514 | G12: =G11+'2026년2월'!G282 -> 22 | H12: =H11+'2026년2월'!H282 -> 12 | I12: =I11+'2026년2월'!I282 -> 8 | J12: =J11+'2026년2월'!J282 -> 5 | ... U12: =U11+'2026년2월'!U282 -> 1623 | V12: 3월 1주차 | W12: =SUM('2026년2월'!C202:C206,'2026년2월'!C211:C215,'2026년2월'!C220:C224,'2026년2월'!C229:C233,'2026년2월'!C238:C242,'2026년2월'!C247:C251,C4:C8) -> 144 | X12: =SUM('2026년2월'!D202:D206,'2026년2월'!D211:D215,'2026년2월'!D220:D224,'2026년2월'!D229:D233,'2026년2월'!D238:D242,'2026년2월'!D247:D251,D4:D8) -> 45 | Y12: =SUM('2026년2월'!E202:E206,'2026년2월'!E211:E215,'2026년2월'!E220:E224,'2026년2월'!E229:E233,'2026년2월'!E238:E242,'2026년2월'!E247:E251,E4:E8) -> 0 | Z12: =SUM('2026년2월'!F202:F206,'2026년2월'!F211:F215,'2026년2월'!F220:F224,'2026년2월'!F229:F233,'2026년2월'!F238:F242,'2026년2월'!F247:F251,F4:F8) -> 189 | AA12: =SUM('2026년2월'!G202:G206,'2026년2월'!G211:G215,'2026년2월'!G220:G224,'2026년2월'!G229:G233,'2026년2월'!G238:G242,'2026년2월'!G247:G251,G4:G8) -> 3 | AB12: =SUM('2026년2월'!H202:H206,'2026년2월'!H211:H215,'2026년2월'!H220:H224,'2026년2월'!H229:H233,'2026년2월'!H238:H242,'2026년2월'!H247:H251,H4:H8) -> 0 | AC12: =SUM('2026년2월'!I202:I206,'2026년2월'!I211:I215,'2026년2월'!I220:I224,'2026년2월'!I229:I233,'2026년2월'!I238:I242,'2026년2월'!I247:I251,I4:I8) -> 0 | AD12: =SUM('2026년2월'!J202:J206,'2026년2월'!J211:J215,'2026년2월'!J220:J224,'2026년2월'!J229:J233,'2026년2월'!J238:J242,'2026년2월'!J247:J251,J4:J8) -> 2 | ... AN12: =SUM('2026년2월'!T202:T206,'2026년2월'!T211:T215,'2026년2월'!T220:T224,'2026년2월'!T229:T233,'2026년2월'!T238:T242,'2026년2월'!T247:T251,T4:T8) -> 30
A13: 46083 | B13: 조국일 | F13: =SUM(C13:E13) -> 0 | U13: =sum(G13:T13) -> 0
B14: 최리선 | F14: =SUM(C14:E14) -> 0 | U14: =sum(G14:T14) -> 0
B15: 안영호 | F15: =SUM(C15:E15) -> 0 | U15: =sum(G15:T15) -> 0
B16: 박상준 | F16: =SUM(C16:E16) -> 0 | U16: =sum(G16:T16) -> 0
B17: 김영민 | F17: =SUM(C17:E17) -> 0 | U17: =sum(G17:T17) -> 0
B18: 임종혁 | F18: =SUM(C18:E18) -> 0 | U18: =sum(G18:T18) -> 0
B19: 마명철 | F19: =SUM(C19:E19) -> 0 | U19: =sum(G19:T19) -> 0
B20: 일일누계 | C20: =SUM(C13:C19) -> 0 | D20: =SUM(D13:D19) -> 0 | E20: =SUM(E13:E19) -> 0 | F20: =SUM(F13:F19) -> 0 | G20: =SUM(G13:G19) -> 0 | H20: =SUM(H13:H19) -> 0 | I20: =SUM(I13:I19) -> 0 | J20: =SUM(J13:J19) -> 0 | ... T20: =SUM(T13:T19) -> 0 | U20: =sum(G20:T20) -> 0
B21: 총누계 | C21: =C12+C20 -> 1103 | D21: =D12+D20 -> 406 | E21: =E12+E20 -> 5 | F21: =F12+F20 -> 1514 | G21: =G12+G20 -> 22 | H21: =H12+H20 -> 12 | I21: =I12+I20 -> 8 | J21: =J12+J20 -> 5 | ... U21: =U12+U20 -> 1623
A22: 46084 | B22: 조국일 | F22: =SUM(C22:E22) -> 0 | U22: =sum(G22:T22) -> 0
B23: 최리선 | C23: 15 | D23: 3 | F23: =SUM(C23:E23) -> 18 | P23: 17 | T23: 2 | U23: =sum(G23:T23) -> 19
B24: 안영호 | D24: 4 | F24: =SUM(C24:E24) -> 4 | P24: 1 | T24: 3 | U24: =sum(G24:T24) -> 4
B25: 박상준 | F25: =SUM(C25:E25) -> 0 | U25: =sum(G25:T25) -> 0
B26: 김영민 | C26: 2 | F26: =SUM(C26:E26) -> 2 | P26: 1 | Q26: 1 | U26: =sum(G26:T26) -> 2
B27: 임종혁 | C27: 4 | D27: 1 | F27: =SUM(C27:E27) -> 5 | P27: 1 | T27: 5 | U27: =sum(G27:T27) -> 6
B28: 마명철 | C28: 0 | D28: 0 | F28: =SUM(C28:E28) -> 0 | U28: =sum(G28:T28) -> 0
B29: 일일누계 | C29: =SUM(C22:C28) -> 21 | D29: =SUM(D22:D28) -> 8 | E29: =SUM(E22:E28) -> 0 | F29: =SUM(F22:F28) -> 29 | G29: =SUM(G22:G28) -> 0 | H29: =SUM(H22:H28) -> 0 | I29: =SUM(I22:I28) -> 0 | J29: =SUM(J22:J28) -> 0 | ... T29: =SUM(T22:T28) -> 10 | U29: =sum(G29:T29) -> 31
B30: 총누계 | C30: =C21+C29 -> 1124 | D30: =D21+D29 -> 414 | E30: =E21+E29 -> 5 | F30: =F21+F29 -> 1543 | G30: =G21+G29 -> 22 | H30: =H21+H29 -> 12 | I30: =I21+I29 -> 8 | J30: =J21+J29 -> 5 | ... U30: =U21+U29 -> 1654
A31: 46085 | B31: 조국일 | C31: 3 | F31: =SUM(C31:E31) -> 3 | P31: 3 | U31: =sum(G31:T31) -> 3
B32: 최리선 | C32: 15 | D32: 2 | F32: =SUM(C32:E32) -> 17 | G32: 1 | P32: 16 | T32: 1 | U32: =sum(G32:T32) -> 18
B33: 안영호 | C33: 1 | D33: 2 | F33: =SUM(C33:E33) -> 3 | G33: 1 | T33: 2 | U33: =sum(G33:T33) -> 3
B34: 박상준 | C34: 2 | F34: =SUM(C34:E34) -> 2 | P34: 1 | T34: 1 | U34: =sum(G34:T34) -> 2
B35: 김영민 | C35: 1 | F35: =SUM(C35:E35) -> 1 | P35: 1 | U35: =sum(G35:T35) -> 1
B36: 임종혁 | C36: 1 | D36: 2 | F36: =SUM(C36:E36) -> 3 | G36: 1 | N36: 1 | P36: 2 | T36: 1 | U36: =sum(G36:T36) -> 5
B37: 마명철 | D37: 1 | F37: =SUM(C37:E37) -> 1 | G37: 1 | U37: =sum(G37:T37) -> 1
B38: 일일누계 | C38: =SUM(C31:C37) -> 23 | D38: =SUM(D31:D37) -> 7 | E38: =SUM(E31:E37) -> 0 | F38: =SUM(F31:F37) -> 30 | G38: =SUM(G31:G37) -> 4 | H38: =SUM(H31:H37) -> 0 | I38: =SUM(I31:I37) -> 0 | J38: =SUM(J31:J37) -> 0 | ... T38: =SUM(T31:T37) -> 5 | U38: =sum(G38:T38) -> 33
B39: 총누계 | C39: =C30+C38 -> 1147 | D39: =D30+D38 -> 421 | E39: =E30+E38 -> 5 | F39: =F30+F38 -> 1573 | G39: =G30+G38 -> 26 | H39: =H30+H38 -> 12 | I39: =I30+I38 -> 8 | J39: =J30+J38 -> 5 | ... U39: =U30+U38 -> 1687
A40: 46086 | B40: 조국일 | D40: 1 | F40: =SUM(C40:E40) -> 1 | O40: 1 | U40: =sum(G40:T40) -> 1
B41: 최리선 | C41: 2 | F41: =SUM(C41:E41) -> 2 | P41: 2 | T41: 1 | U41: =sum(G41:T41) -> 3
B42: 안영호 | C42: 1 | D42: 1 | F42: =SUM(C42:E42) -> 2 | I42: 1 | P42: 1 | U42: =sum(G42:T42) -> 2
B43: 박상준 | F43: =SUM(C43:E43) -> 0 | U43: =sum(G43:T43) -> 0
B44: 김영민 | C44: 13 | D44: 3 | F44: =SUM(C44:E44) -> 16 | P44: 16 | U44: =sum(G44:T44) -> 16
B45: 임종혁 | C45: 3 | D45: 1 | F45: =SUM(C45:E45) -> 4 | G45: 1 | L45: 1 | P45: 2 | U45: =sum(G45:T45) -> 4
B46: 마명철 | C46: 0 | D46: 1 | F46: =SUM(C46:E46) -> 1 | P46: 1 | U46: =sum(G46:T46) -> 1
B47: 일일누계 | C47: =SUM(C40:C46) -> 19 | D47: =SUM(D40:D46) -> 7 | E47: =SUM(E40:E46) -> 0 | F47: =SUM(F40:F46) -> 26 | G47: =SUM(G40:G46) -> 1 | H47: =SUM(H40:H46) -> 0 | I47: =SUM(I40:I46) -> 1 | J47: =SUM(J40:J46) -> 0 | ... T47: =SUM(T40:T46) -> 1 | U47: =sum(G47:T47) -> 27
B48: 총누계 | C48: =C39+C47 -> 1166 | D48: =D39+D47 -> 428 | E48: =E39+E47 -> 5 | F48: =F39+F47 -> 1599 | G48: =G39+G47 -> 27 | H48: =H39+H47 -> 12 | I48: =I39+I47 -> 9 | J48: =J39+J47 -> 5 | ... U48: =U39+U47 -> 1714
A49: 46087 | B49: 조국일 | C49: 2 | D49: 2 | F49: =SUM(C49:E49) -> 4 | G49: 1 | P49: 2 | T49: 1 | U49: =sum(G49:T49) -> 4
B50: 최리선 | C50: 2 | F50: =SUM(C50:E50) -> 2 | T50: 2 | U50: =sum(G50:T50) -> 2
B51: 안영호 | C51: 13 | D51: 6 | F51: =SUM(C51:E51) -> 19 | P51: 16 | T51: 3 | U51: =sum(G51:T51) -> 19
B52: 박상준 | C52: 32 | D52: 10 | F52: =SUM(C52:E52) -> 42 | M52: 18 | P52: 1 | R52: 23 | U52: =sum(G52:T52) -> 42
B53: 김영민 | C53: 1 | F53: =SUM(C53:E53) -> 1 | T53: 1 | U53: =sum(G53:T53) -> 1
B54: 임종혁 | C54: 4 | F54: =SUM(C54:E54) -> 4 | P54: 3 | R54: 1 | T54: 4 | U54: =sum(G54:T54) -> 8
B55: 마명철 | F55: =SUM(C55:E55) -> 0 | U55: =sum(G55:T55) -> 0
B56: 일일누계 | C56: =SUM(C49:C55) -> 54 | D56: =SUM(D49:D55) -> 18 | E56: =SUM(E49:E55) -> 0 | F56: =SUM(F49:F55) -> 72 | G56: =SUM(G49:G55) -> 1 | H56: =SUM(H49:H55) -> 0 | I56: =SUM(I49:I55) -> 0 | J56: =SUM(J49:J55) -> 0 | ... T56: =SUM(T49:T55) -> 11 | U56: =sum(G56:T56) -> 76
B57: 총누계 | C57: =C48+C56 -> 1220 | D57: =D48+D56 -> 446 | E57: =E48+E56 -> 5 | F57: =F48+F56 -> 1671 | G57: =G48+G56 -> 28 | H57: =H48+H56 -> 12 | I57: =I48+I56 -> 9 | J57: =J48+J56 -> 5 | ... U57: =U48+U56 -> 1790
A58: 46088 | B58: 조국일 | F58: =SUM(C58:E58) -> 0 | U58: =sum(G58:T58) -> 0
B59: 최리선 | F59: =SUM(C59:E59) -> 0 | U59: =sum(G59:T59) -> 0
B60: 안영호 | F60: =SUM(C60:E60) -> 0 | U60: =sum(G60:T60) -> 0
B61: 박상준 | F61: =SUM(C61:E61) -> 0 | U61: =sum(G61:T61) -> 0
B62: 김영민 | C62: 1 | F62: =SUM(C62:E62) -> 1 | P62: 1 | U62: =sum(G62:T62) -> 1
B63: 임종혁 | F63: =SUM(C63:E63) -> 0 | U63: =sum(G63:T63) -> 0
B64: 마명철 | F64: =SUM(C64:E64) -> 0 | U64: =sum(G64:T64) -> 0
B65: 일일누계 | C65: =SUM(C58:C64) -> 1 | D65: =SUM(D58:D64) -> 0 | E65: =SUM(E58:E64) -> 0 | F65: =SUM(F58:F64) -> 1 | G65: =SUM(G58:G64) -> 0 | H65: =SUM(H58:H64) -> 0 | I65: =SUM(I58:I64) -> 0 | J65: 0 | K65: =SUM(K58:K64) -> 0 | L65: =SUM(L58:L64) -> 0 | M65: =SUM(M58:M64) -> 0 | N65: =SUM(N58:N64) -> 0 | O65: =SUM(O58:O64) -> 0 | P65: =SUM(P58:P64) -> 1 | Q65: =SUM(Q58:Q64) -> 0 | R65: =SUM(R58:R64) -> 0 | ... T65: =SUM(T58:T64) -> 0 | U65: =sum(G65:T65) -> 1
B66: 총누계 | C66: =SUM(C57,C65) -> 1221 | D66: =SUM(D57,D65) -> 446 | E66: =SUM(E57,E65) -> 5 | F66: =F57+F65 -> 1672 | G66: =G57+G65 -> 28 | H66: =H57+H65 -> 12 | I66: =I57+I65 -> 9 | J66: =J57+J65 -> 5 | K66: =K57+K65 -> 0 | L66: =L57+L65 -> 29 | M66: =M57+M65 -> 59 | ... U66: =U57+U65 -> 1791
A67: 46089 | B67: 조국일 | F67: =SUM(C67:E67) -> 0 | U67: =sum(G67:T67) -> 0
B68: 최리선 | F68: =SUM(C68:E68) -> 0 | U68: =sum(G68:T68) -> 0
B69: 안영호 | F69: =SUM(C69:E69) -> 0 | U69: =sum(G69:T69) -> 0
B70: 박상준 | F70: =SUM(C70:E70) -> 0 | U70: =sum(G70:T70) -> 0
B71: 김영민 | C71: 3 | F71: =SUM(C71:E71) -> 3 | S71: 2 | T71: 1 | U71: =sum(G71:T71) -> 3
B72: 임종혁 | F72: =SUM(C72:E72) -> 0 | U72: =sum(G72:T72) -> 0
B73: 마명철 | C73: 0 | D73: 0 | F73: =SUM(C73:E73) -> 0 | U73: =sum(G73:T73) -> 0
B74: 일일누계 | C74: =SUM(C67:C73) -> 3 | D74: =SUM(D67:D73) -> 0 | E74: =SUM(E67:E73) -> 0 | F74: =SUM(F67:F73) -> 3 | G74: =SUM(G67:G73) -> 0 | H74: =SUM(H67:H73) -> 0 | I74: =SUM(I67:I73) -> 0 | J74: =SUM(J67:J73) -> 0 | ... T74: =SUM(T67:T73) -> 1 | U74: =sum(G74:T74) -> 3 | V74: 구분 | W74: 정신상담 | X74: 알콜상담 | Y74: 기타상담 | Z74: 소계 | AA74: 자의입원 | AB74: 응급입원 | AC74: 보호진단 | AD74: 시설입소(자활, 재활, 요양) | AE74: 시설입소(타복지시설) | AF74: 지원주택 | AG74: 주거지원 | AH74: 물품제공 | AI74: 기타(외래) | AJ74: 외래진료 | AK74: 병원방문 | AL74: 주거지방문 | AM74: 투약관리 | AN74: 기타(척도, 내방)
B75: 총누계 | C75: =C66+C74 -> 1224 | D75: =D66+D74 -> 446 | E75: =E66+E74 -> 5 | F75: =F66+F74 -> 1675 | G75: =G66+G74 -> 28 | H75: =H66+H74 -> 12 | I75: =I66+I74 -> 9 | J75: =J66+J74 -> 5 | ... U75: =U66+U74 -> 1794 | V75: 3월 2주차 | W75: =SUM(C13:C17,C22:C26,C31:C35,C40:C44,C49:C53,C58:C62,C67:C71) -> 109 | X75: =SUM(D13:D17,D22:D26,D31:D35,D40:D44,D49:D53,D58:D62,D67:D71) -> 34 | Y75: =SUM(E13:E17,E22:E26,E31:E35,E40:E44,E49:E53,E58:E62,E67:E71) -> 0 | Z75: =SUM(F13:F17,F22:F26,F31:F35,F40:F44,F49:F53,F58:F62,F67:F71) -> 143 | AA75: =SUM(G13:G17,G22:G26,G31:G35,G40:G44,G49:G53,G58:G62,G67:G71) -> 3 | AB75: =SUM(H13:H17,H22:H26,H31:H35,H40:H44,H49:H53,H58:H62,H67:H71) -> 0 | AC75: =SUM(I13:I17,I22:I26,I31:I35,I40:I44,I49:I53,I58:I62,I67:I71) -> 1 | AD75: =SUM(J13:J17,J22:J26,J31:J35,J40:J44,J49:J53,J58:J62,J67:J71) -> 0 | ... AN75: =SUM(T13:T17,T22:T26,T31:T35,T40:T44,T49:T53,T58:T62,T67:T71) -> 18
A76: 46090 | B76: 조국일 | C76: 4 | F76: =SUM(C76:E76) -> 4 | P76: 1 | T76: 3 | U76: =sum(G76:T76) -> 4
B77: 최리선 | C77: 2 | F77: =SUM(C77:E77) -> 2 | P77: 1 | T77: 1 | U77: =sum(G77:T77) -> 2
B78: 안영호 | C78: 2 | D78: 1 | F78: =SUM(C78:E78) -> 3 | P78: 2 | T78: 1 | U78: =sum(G78:T78) -> 3
B79: 박상준 | C79: 14 | D79: 4 | F79: =SUM(C79:E79) -> 18 | P79: 16 | T79: 2 | U79: =sum(G79:T79) -> 18
B80: 김영민 | F80: =SUM(C80:E80) -> 0 | U80: =sum(G80:T80) -> 0
B81: 임종혁 | C81: 3 | F81: =SUM(C81:E81) -> 3 | P81: 2 | T81: 3 | U81: =sum(G81:T81) -> 5
B82: 마명철 | C82: 0 | F82: =SUM(C82:E82) -> 0 | U82: =sum(G82:T82) -> 0
B83: 일일누계 | C83: =SUM(C76:C82) -> 25 | D83: =SUM(D76:D82) -> 5 | E83: =SUM(E76:E82) -> 0 | F83: =SUM(F76:F82) -> 30 | G83: =SUM(G76:G82) -> 0 | H83: =SUM(H76:H82) -> 0 | I83: =SUM(I76:I82) -> 0 | J83: =SUM(J76:J82) -> 0 | ... T83: =SUM(T76:T82) -> 10 | U83: =sum(G83:T83) -> 32
B84: 총누계 | C84: =C75+C83 -> 1249 | D84: =D75+D83 -> 451 | E84: =E75+E83 -> 5 | F84: =F75+F83 -> 1705 | G84: =G75+G83 -> 28 | H84: =H75+H83 -> 12 | I84: =I75+I83 -> 9 | J84: =J75+J83 -> 5 | ... U84: =U75+U83 -> 1826
A85: 46091 | B85: 조국일 | C85: 1 | F85: =SUM(C85:E85) -> 1 | T85: 1 | U85: =sum(G85:T85) -> 1
B86: 최리선 | C86: 13 | D86: 2 | F86: =SUM(C86:E86) -> 15 | P86: 14 | T86: 1 | U86: =sum(G86:T86) -> 15
B87: 안영호 | D87: 2 | F87: =SUM(C87:E87) -> 2 | P87: 1 | T87: 1 | U87: =sum(G87:T87) -> 2
B88: 박상준 | C88: 1 | F88: =SUM(C88:E88) -> 1 | P88: 1 | U88: =sum(G88:T88) -> 1
B89: 김영민 | C89: 1 | F89: =SUM(C89:E89) -> 1 | T89: 1 | U89: =sum(G89:T89) -> 1
B90: 임종혁 | C90: 5 | F90: =SUM(C90:E90) -> 5 | H90: 1 | P90: 2 | T90: 3 | U90: =sum(G90:T90) -> 6
B91: 마명철 | C91: 0 | D91: 0 | F91: =SUM(C91:E91) -> 0 | U91: =sum(G91:T91) -> 0
B92: 일일누계 | C92: =SUM(C85:C91) -> 21 | D92: =SUM(D85:D91) -> 4 | E92: =SUM(E85:E91) -> 0 | F92: =SUM(F85:F91) -> 25 | G92: =SUM(G85:G91) -> 0 | H92: =SUM(H85:H91) -> 1 | I92: =SUM(I85:I91) -> 0 | J92: =SUM(J85:J91) -> 0 | ... T92: =SUM(T85:T91) -> 7 | U92: =sum(G92:T92) -> 26
B93: 총누계 | C93: =C84+C92 -> 1270 | D93: =D84+D92 -> 455 | E93: =E84+E92 -> 5 | F93: =F84+F92 -> 1730 | G93: =G84+G92 -> 28 | H93: =H84+H92 -> 13 | I93: =I84+I92 -> 9 | J93: =J84+J92 -> 5 | ... U93: =U84+U92 -> 1852
A94: 46092 | B94: 조국일 | C94: 2 | F94: =SUM(C94:E94) -> 2 | P94: 2 | U94: =sum(G94:T94) -> 2
B95: 최리선 | C95: 12 | D95: 2 | F95: =SUM(C95:E95) -> 14 | P95: 13 | U95: =sum(G95:T95) -> 13
B96: 안영호 | C96: 3 | D96: 1 | F96: =SUM(C96:E96) -> 4 | I96: 1 | T96: 3 | U96: =sum(G96:T96) -> 4
B97: 박상준 | C97: 2 | F97: =SUM(C97:E97) -> 2 | T97: 2 | U97: =sum(G97:T97) -> 2
B98: 김영민 | C98: 4 | F98: =SUM(C98:E98) -> 4 | P98: 1 | S98: 1 | T98: 2 | U98: =sum(G98:T98) -> 4
B99: 임종혁 | C99: 4 | F99: =SUM(C99:E99) -> 4 | P99: 1 | T99: 5 | U99: =sum(G99:T99) -> 6
B100: 마명철 | C100: 0 | D100: 0 | F100: =SUM(C100:E100) -> 0 | U100: =sum(G100:T100) -> 0
B101: 일일누계 | C101: =SUM(C94:C100) -> 27 | D101: =SUM(D94:D100) -> 3 | E101: =SUM(E94:E100) -> 0 | F101: =SUM(F94:F100) -> 30 | G101: =SUM(G94:G100) -> 0 | H101: =SUM(H94:H100) -> 0 | I101: =SUM(I94:I100) -> 1 | J101: =SUM(J94:J100) -> 0 | ... T101: =SUM(T94:T100) -> 12 | U101: =sum(G101:T101) -> 31
...

Sheet 법인월보고용
B2: 상담현황 | G2: 조치 | N2: 조치 후 사례관리 | R2: 기초상담 | S2: 합계
A3: 월별 | B3: 정신과 상담 | C3: 알코올 상담 | D3: 일반상담 | E3: 합계 | F3: 자의입원 | G3: 응급입원 | H3: 보호진단 | I3: 시설입소 | J3: 지원주택 | K3: 주거지원 | L3: 물품제공 | M3: 기타 | N3: 외래진료 | O3: 병원방문 | P3: 주거지방문 | Q3: 투약관리 | T3: 수급진행 | U3: 주민등록복원 | W3: 입원합
A4: 1월 | B4: ='2026년1월'!C293 -> 583 | C4: ='2026년1월'!D293 -> 229 | D4: ='2026년1월'!E293 -> 2 | E4: ='2026년1월'!F293 -> 814 | F4: ='2026년1월'!G293 -> 12 | G4: ='2026년1월'!H293 -> 8 | H4: ='2026년1월'!I293 -> 6 | I4: =SUM('2026년1월'!J293,'2026년1월'!K293) -> 1 | J4: ='2026년1월'!L293 -> 20 | K4: ='2026년1월'!M293 -> 17 | L4: ='2026년1월'!N293 -> 17 | M4: ='2026년1월'!O293 -> 12 | N4: ='2026년1월'!P293 -> 414 | O4: ='2026년1월'!Q293 -> 8 | P4: ='2026년1월'!R293 -> 164 | Q4: ='2026년1월'!S293 -> 6 | R4: ='2026년1월'!T293 -> 209 | S4: =SUM(F4:R4) -> 894 | W4: 1월
A5: 2월 | B5: ='2026년2월'!C293 -> 520 | C5: ='2026년2월'!D293 -> 177 | D5: ='2026년2월'!E293 -> 3 | E5: ='2026년2월'!F293 -> 700 | F5: ='2026년2월'!G293 -> 10 | G5: ='2026년2월'!H293 -> 4 | H5: ='2026년2월'!I293 -> 2 | I5: =SUM('2026년2월'!J293,'2026년2월'!K293) -> 4 | J5: ='2026년2월'!L293 -> 8 | K5: ='2026년2월'!M293 -> 24 | L5: ='2026년2월'!N293 -> 5 | M5: ='2026년2월'!O293 -> 11 | N5: ='2026년2월'!P293 -> 440 | O5: ='2026년2월'!Q293 -> 1 | P5: ='2026년2월'!R293 -> 62 | Q5: ='2026년2월'!S293 -> 3 | R5: ='2026년2월'!T293 -> 155 | S5: =SUM(F5:R5) -> 729 | W5: 2월
A6: 3월 | B6: ='2026년3월'!C293 -> #REF! | C6: ='2026년3월'!D293 -> #REF! | D6: ='2026년3월'!E293 -> #REF! | E6: ='2026년3월'!F293 -> #REF! | F6: ='2026년3월'!G293 -> #REF! | G6: ='2026년3월'!H293 -> #REF! | H6: ='2026년3월'!I293 -> #REF! | I6: =SUM('2026년3월'!J293,'2026년3월'!K293) -> #REF! | J6: ='2026년3월'!L293 -> #REF! | K6: ='2026년3월'!M293 -> #REF! | L6: ='2026년3월'!N293 -> #REF! | M6: ='2026년3월'!O293 -> #REF! | N6: ='2026년3월'!P293 -> #REF! | O6: ='2026년3월'!Q293 -> #REF! | P6: ='2026년3월'!R293 -> #REF! | Q6: ='2026년3월'!S293 -> #REF! | R6: ='2026년3월'!T293 -> #REF! | S6: =SUM(F6:R6) -> #REF! | W6: 3월
A7: 1분기 | B7: =SUM(B4:B6) -> #REF! | C7: =SUM(C4:C6) -> #REF! | D7: =SUM(D4:D6) -> #REF! | E7: =SUM(E4:E6) -> #REF! | F7: =SUM(F4:F6) -> #REF! | G7: =SUM(G4:G6) -> #REF! | H7: =SUM(H4:H6) -> #REF! | I7: =SUM(I4:I6) -> #REF! | ... S7: =SUM(S4:S6) -> #REF! | X7: 분기합
A8: 4월 | B8: ='2026년4월'!C$293 -> #REF! | C8: ='2026년4월'!D$293 -> #REF! | D8: ='2026년4월'!E$293 -> #REF! | E8: ='2026년4월'!F$293 -> #REF! | F8: ='2026년4월'!G$293 -> #REF! | G8: ='2026년4월'!H$293 -> #REF! | H8: ='2026년4월'!I$293 -> #REF! | I8: =SUM('2025년4월'!J293,'2025년6월'!K293) -> #REF! | J8: ='2026년4월'!L293 -> #REF! | K8: ='2026년4월'!M293 -> #REF! | L8: ='2026년4월'!N293 -> #REF! | M8: ='2026년4월'!O293 -> #REF! | N8: ='2026년4월'!P293 -> #REF! | O8: ='2026년4월'!Q293 -> #REF! | P8: ='2026년4월'!R293 -> #REF! | Q8: ='2026년4월'!S293 -> #REF! | R8: ='2026년4월'!T293 -> #REF! | S8: =SUM(F8:R8) -> #REF! | W8: 4월
A9: 5월 | B9: ='2026년5월'!C$293 -> #REF! | C9: ='2026년5월'!D$293 -> #REF! | D9: ='2026년5월'!E$293 -> #REF! | E9: ='2026년5월'!F$293 -> #REF! | F9: ='2026년5월'!G$293 -> #REF! | G9: ='2026년5월'!H$293 -> #REF! | H9: ='2026년5월'!I$293 -> #REF! | I9: =SUM('2025년5월'!J293,'2025년6월'!K293) -> #REF! | J9: ='2026년5월'!L293 -> #REF! | K9: ='2026년5월'!M293 -> #REF! | L9: ='2026년5월'!N293 -> #REF! | M9: ='2026년5월'!O293 -> #REF! | N9: ='2026년5월'!P293 -> #REF! | O9: ='2026년5월'!Q293 -> #REF! | P9: ='2026년5월'!R293 -> #REF! | Q9: ='2026년5월'!S293 -> #REF! | R9: ='2026년5월'!T293 -> #REF! | S9: =SUM(F9:R9) -> #REF! | W9: 5월
A10: 6월 | B10: ='2026년6월'!C$293 -> #REF! | C10: ='2026년6월'!D$293 -> #REF! | D10: ='2026년6월'!E$293 -> #REF! | E10: ='2026년6월'!F$293 -> #REF! | F10: ='2026년6월'!G$293 -> #REF! | G10: ='2026년6월'!H$293 -> #REF! | H10: ='2026년6월'!I$293 -> #REF! | I10: =SUM('2025년6월'!J293,'2025년6월'!K293) -> #REF! | J10: ='2026년6월'!L$293 -> #REF! | K10: ='2026년6월'!M$293 -> #REF! | L10: ='2026년6월'!N$293 -> #REF! | M10: ='2026년6월'!O$293 -> #REF! | N10: ='2026년6월'!P$293 -> #REF! | O10: ='2026년6월'!Q$293 -> #REF! | P10: ='2026년6월'!R$293 -> #REF! | Q10: ='2026년6월'!S$293 -> #REF! | R10: ='2026년6월'!T$293 -> #REF! | S10: =SUM(F10:R10) -> #REF! | W10: 6월
A11: 2분기 | B11: =SUM(B8:B10) -> #REF! | C11: =SUM(C8:C10) -> #REF! | D11: =SUM(D8:D10) -> #REF! | E11: =SUM(E8:E10) -> #REF! | F11: =SUM(F8:F10) -> #REF! | G11: =SUM(G8:G10) -> #REF! | H11: =SUM(H8:H10) -> #REF! | I11: =SUM(I8:I10) -> #REF! | ... S11: =SUM(S8:S10) -> #REF! | X11: 분기합
A12: 상반기 | B12: =SUM(B7+B11) -> #REF! | C12: =SUM(C7+C11) -> #REF! | D12: =SUM(D7+D11) -> #REF! | E12: =SUM(E7+E11) -> #REF! | F12: =SUM(F7+F11) -> #REF! | G12: =SUM(G7+G11) -> #REF! | H12: =SUM(H7+H11) -> #REF! | I12: =SUM(I7+I11) -> #REF! | ... S12: =SUM(S7+S11) -> #REF! | X12: 상반기
A13: 7월 | B13: ='2026년7월'!C$293 -> #REF! | C13: ='2026년7월'!D$293 -> #REF! | D13: ='2026년7월'!E$293 -> #REF! | E13: ='2026년7월'!F$293 -> #REF! | F13: ='2026년7월'!G$293 -> #REF! | G13: ='2026년7월'!H$293 -> #REF! | H13: ='2026년7월'!I$293 -> #REF! | I13: =SUM('2026년7월'!J$293,'2026년7월'!K$293) -> #REF! | J13: ='2026년7월'!L$293 -> #REF! | K13: ='2026년7월'!M$293 -> #REF! | L13: ='2026년7월'!N$293 -> #REF! | M13: ='2026년7월'!O$293 -> #REF! | N13: ='2026년7월'!P$293 -> #REF! | O13: ='2026년7월'!Q$293 -> #REF! | P13: ='2026년7월'!R$293 -> #REF! | Q13: ='2026년7월'!S$293 -> #REF! | R13: ='2026년7월'!T$293 -> #REF! | S13: =SUM(F13:R13) -> #REF! | W13: 7월
A14: 8월 | B14: ='2026년8월'!C$293 -> #REF! | C14: ='2026년8월'!D$293 -> #REF! | D14: ='2026년8월'!E$293 -> #REF! | E14: ='2026년8월'!F$293 -> #REF! | F14: ='2026년8월'!G$293 -> #REF! | G14: ='2026년8월'!H$293 -> #REF! | H14: ='2026년8월'!I$293 -> #REF! | I14: =SUM('2026년8월'!J$293,'2026년8월'!K$293) -> #REF! | J14: ='2026년8월'!L$293 -> #REF! | K14: ='2026년8월'!M$293 -> #REF! | L14: ='2026년8월'!N$293 -> #REF! | M14: ='2026년8월'!O$293 -> #REF! | N14: ='2026년8월'!P$293 -> #REF! | O14: ='2026년8월'!Q$293 -> #REF! | P14: ='2026년8월'!R$293 -> #REF! | Q14: ='2026년8월'!S$293 -> #REF! | R14: ='2026년8월'!T$293 -> #REF! | S14: =SUM(F14:R14) -> #REF! | W14: 8월
A15: 9월 | B15: ='2026년9월'!C$293 -> #REF! | C15: ='2026년9월'!D$293 -> #REF! | D15: ='2026년9월'!E$293 -> #REF! | E15: ='2026년9월'!F$293 -> #REF! | F15: ='2026년9월'!G$293 -> #REF! | G15: ='2026년9월'!H$293 -> #REF! | H15: ='2026년9월'!I$293 -> #REF! | I15: =SUM('2026년9월'!J$293,'2026년9월'!K$293) -> #REF! | J15: ='2026년9월'!K$293 -> #REF! | K15: ='2026년9월'!L$293 -> #REF! | L15: ='2026년9월'!M$293 -> #REF! | M15: ='2026년9월'!N$293 -> #REF! | N15: ='2026년9월'!O$293 -> #REF! | O15: ='2026년9월'!P$293 -> #REF! | P15: ='2026년9월'!Q$293 -> #REF! | Q15: ='2026년9월'!R$293 -> #REF! | R15: ='2026년9월'!S$293 -> #REF! | S15: =SUM(F15:R15) -> #REF! | W15: 9월
A16: 3분기 | B16: =sum(B13:B15) -> #REF! | C16: =sum(C13:C15) -> #REF! | D16: =sum(D13:D15) -> #REF! | E16: =sum(E13:E15) -> #REF! | F16: =sum(F13:F15) -> #REF! | G16: =sum(G13:G15) -> #REF! | H16: =sum(H13:H15) -> #REF! | I16: =sum(I13:I15) -> #REF! | ... S16: =sum(S13:S15) -> #REF! | X16: 분기합
A17: 10월 | B17: ='2026년10월'!C$293 -> #REF! | C17: ='2026년10월'!D$293 -> #REF! | D17: ='2026년10월'!E$293 -> #REF! | E17: ='2026년10월'!F$293 -> #REF! | F17: ='2026년10월'!G$293 -> #REF! | G17: ='2026년10월'!H$293 -> #REF! | H17: ='2026년10월'!I$293 -> #REF! | I17: =SUM('2026년10월'!J293,'2026년10월'!K293) -> #REF! | J17: ='2026년10월'!L$293 -> #REF! | K17: ='2026년10월'!M$293 -> #REF! | L17: ='2026년10월'!N$293 -> #REF! | M17: ='2026년10월'!O$293 -> #REF! | N17: ='2026년10월'!P$293 -> #REF! | O17: ='2026년10월'!Q$293 -> #REF! | P17: ='2026년10월'!R$293 -> #REF! | Q17: ='2026년10월'!S$293 -> #REF! | R17: ='2026년10월'!T$293 -> #REF! | S17: =SUM(F17:R17) -> #REF! | W17: 10월
A18: 11월 | B18: ='2026년11월'!C$293 -> #REF! | C18: ='2026년11월'!D$293 -> #REF! | D18: ='2026년11월'!E$293 -> #REF! | E18: ='2026년11월'!F$293 -> #REF! | F18: ='2026년11월'!G$293 -> #REF! | G18: ='2026년11월'!H$293 -> #REF! | H18: ='2026년11월'!I$293 -> #REF! | I18: =SUM('2026년11월'!J293,'2026년11월'!K293) -> #REF! | J18: ='2026년11월'!L$293 -> #REF! | K18: ='2026년11월'!M$293 -> #REF! | L18: ='2026년11월'!N$293 -> #REF! | M18: ='2026년11월'!O$293 -> #REF! | N18: ='2026년11월'!P$293 -> #REF! | O18: ='2026년11월'!Q$293 -> #REF! | P18: ='2026년11월'!R$293 -> #REF! | Q18: ='2026년11월'!S$293 -> #REF! | R18: ='2026년11월'!T$293 -> #REF! | S18: =SUM(F18:R18) -> #REF! | W18: 11월
A19: 12월 | B19: ='2026년12월'!C$293 -> #REF! | C19: ='2026년12월'!D$293 -> #REF! | D19: ='2026년12월'!E$293 -> #REF! | E19: ='2026년12월'!F$293 -> #REF! | F19: ='2026년12월'!G$293 -> #REF! | G19: ='2026년12월'!H$293 -> #REF! | H19: ='2026년12월'!I$293 -> #REF! | I19: =SUM('2026년12월'!J293,'2026년12월'!K293) -> #REF! | J19: ='2026년12월'!L$293 -> #REF! | K19: ='2026년12월'!M$293 -> #REF! | L19: ='2026년12월'!N$293 -> #REF! | M19: ='2026년12월'!O$293 -> #REF! | N19: ='2026년12월'!P$293 -> #REF! | O19: ='2026년12월'!Q$293 -> #REF! | P19: ='2026년12월'!R$293 -> #REF! | Q19: ='2026년12월'!S$293 -> #REF! | R19: ='2026년12월'!T$293 -> #REF! | S19: =SUM(F19:R19) -> #REF! | W19: 12월
A20: 4분기 | B20: =SUM(B17:B19) -> #REF! | C20: =SUM(C17:C19) -> #REF! | D20: =SUM(D17:D19) -> #REF! | E20: =SUM(E17:E19) -> #REF! | F20: =SUM(F17:F19) -> #REF! | G20: =SUM(G17:G19) -> #REF! | H20: =SUM(H17:H19) -> #REF! | I20: =SUM(I17:I19) -> #REF! | ... S20: =SUM(S17:S19) -> #REF! | X20: 분기합
A21: 하반기 | B21: =SUM(B16+B20) -> #REF! | C21: =SUM(C16+C20) -> #REF! | D21: =SUM(D16+D20) -> #REF! | E21: =SUM(E16+E20) -> #REF! | F21: =SUM(F16+F20) -> #REF! | G21: =SUM(G16+G20) -> #REF! | H21: =SUM(H16+H20) -> #REF! | I21: =SUM(I16+I20) -> #REF! | ... S21: =SUM(S16+S20) -> #REF! | X21: 하반기
A22: 총합계 | B22: =SUM(B12+B21) -> #REF! | C22: =SUM(C12+C21) -> #REF! | D22: =SUM(D12+D21) -> #REF! | E22: =SUM(E12+E21) -> #REF! | F22: =SUM(F12+F21) -> #REF! | G22: =SUM(G12+G21) -> #REF! | H22: =SUM(H12+H21) -> #REF! | I22: =SUM(I12+I21) -> #REF! | ... U22: =SUM(U12+U21) -> 0 | X22: 년합계

Sheet 분기보고용
A1: 정신건강팀 활동실적 (2026년)
A3: 1. 상담
A4: 구분 | B4: 분기 | C4: 계 | D4: 정신과 상담 | E4: 알콜상담 | F4: 기타상담 | G4: 비 고
A5: 계 | C5: =sum(D5:F5) -> #REF! | D5: =sum(D6:D9) -> #REF! | E5: =sum(E6:E9) -> #REF! | F5: =sum(F6:F9) -> #REF!
A6: 다시서기 | B6: 1분기 | C6: =sum(D6:F6) -> #REF! | D6: ='법인월보고용'!B7 -> #REF! | E6: ='법인월보고용'!C7 -> #REF! | F6: ='법인월보고용'!D7 -> #REF!
A7: 다시서기 | B7: 2분기 | C7: =sum(D7:F7) -> #REF! | D7: ='법인월보고용'!B11 -> #REF! | E7: ='법인월보고용'!C11 -> #REF! | F7: ='법인월보고용'!D11 -> #REF!
A8: 다시서기 | B8: 3분기 | C8: =sum(D8:F8) -> #REF! | D8: ='법인월보고용'!B16 -> #REF! | E8: ='법인월보고용'!C16 -> #REF! | F8: ='법인월보고용'!D16 -> #REF!
A9: 다시서기 | B9: 4분기 | C9: =sum(D9:F9) -> #REF! | D9: ='법인월보고용'!B20 -> #REF! | E9: ='법인월보고용'!C20 -> #REF! | F9: ='법인월보고용'!D20 -> #REF!
A10: * 연상담건수 : 건
A13: 2. 조치
A14: 구분 | B14: 분기 | C14: 계 | D14: 병원입원 | G14: 시설입소 | J14: 주거지원 | K14: 기타 | S14: 자의입원 | T14: 자활시설 | U14: 센터거리상담반
D15: 소계 | E15: 자의 | F15: 응급/행정 | G15: 소계 | H15: 재활/ | I15: 일시 | K15: (귀가 등) | S15: 응급입원 | T15: 재활시설 | U15: 위기대응콜
E16: 입원 | F16: 입원 | H16: 자활/요양 | I16: 보호 | S16: 보호진단 | T16: 요양시설 | U16: 구청 등 유관기관
A17: 계 | C17: =SUM(C18:C21) -> #REF! | D17: =sum(E17:F17) -> 54 | E17: =SUM(E18:E21) -> 29 | F17: =SUM(F18:F21) -> 25 | G17: =SUM(H17:I17) -> 4 | H17: =SUM(H18:H21) -> 4 | I17: =SUM(I18:I21) -> 0 | J17: =SUM(J18:J21) -> #REF! | K17: =SUM(K18:K21) -> #REF! | S17: 보호입원 | T17: 일시보호시설 | U17: 노숙인방문
A18: 다시서기 | B18: 1분기 | C18: =SUM(D18,G18,J18,K18) -> #REF! | D18: =sum(E18:F18) -> 54 | E18: =countifs('입원현황'!$B:$B,">=1",'입원현황'!$B:$B,"<=3",'입원현황'!$G:$G,"자의입원") -> 29 | F18: =SUMPRODUCT(countifs('입원현황'!$B:$B,">=1",'입원현황'!$B:$B,"<=3",'입원현황'!$G:$G,$S$15:$S$18)) -> 25 | G18: =SUM(H18:H19) -> 4 | H18: =SUMPRODUCT(COUNTIFS('시설입소현황'!B:B,">=1",'시설입소현황'!B:B,"<=3",'시설입소현황'!J:J,$T$14:$T$16)) -> 4 | I18: =COUNTIFS('시설입소현황'!C:C,">=1",'시설입소현황'!C:C,"<=3",'시설입소현황'!K:K,T17) -> 0 | J18: ='법인월보고용'!K7 -> #REF! | K18: ='법인월보고용'!M7 -> #REF! | S18: 동의입원 | T18: 지원주택 | U18: 노숙인시설개입요청
A19: 다시서기 | B19: 2분기 | C19: =SUM(D19,G19,J19,K19) -> #REF! | D19: =sum(E19:F19) -> 0 | E19: =countifs('입원현황'!B:B,">=4",'입원현황'!B:B,"<=6",'입원현황'!G:G,"자의입원") -> 0 | F19: =SUMPRODUCT(countifs('입원현황'!$B:$B,">=4",'입원현황'!$B:$B,"<=6",'입원현황'!$G:$G,$S$15:$S$18)) -> 0 | G19: =SUM(H19:H20) -> 0 | H19: =SUMPRODUCT(COUNTIFS('시설입소현황'!B:B,">=4",'시설입소현황'!B:B,"<=6",'시설입소현황'!J:J,$T$14:$T$16)) -> 0 | I19: =COUNTIFS('시설입소현황'!C:C,">=4",'시설입소현황'!C:C,"<=6",'시설입소현황'!K:K,T17) -> 0 | J19: ='법인월보고용'!K11 -> #REF! | K19: ='법인월보고용'!M11 -> #REF! | T19: 기타
A20: 다시서기 | B20: 3분기 | C20: =SUM(D20,G20,J20,K20) -> #REF! | D20: =sum(E20:F20) -> 0 | E20: =countifs('입원현황'!B:B,">=7",'입원현황'!B:B,"<=9",'입원현황'!G:G,"자의입원") -> 0 | F20: =SUMPRODUCT(countifs('입원현황'!$B:$B,">=7",'입원현황'!$B:$B,"<=9",'입원현황'!$G:$G,$S$15:$S$18)) -> 0 | G20: =SUM(H20:H21) -> 0 | H20: =SUMPRODUCT(COUNTIFS('시설입소현황'!B:B,">=7",'시설입소현황'!B:B,"<=9",'시설입소현황'!J:J,$T$14:$T$16)) -> 0 | I20: =COUNTIFS('시설입소현황'!C:C,">=7",'시설입소현황'!C:C,"<=9",'시설입소현황'!K:K,T17) -> 0 | J20: ='법인월보고용'!K16 -> #REF! | K20: ='법인월보고용'!M16 -> #REF!
A21: 다시서기 | B21: 4분기 | C21: =SUM(D21,G21,J21,K21) -> #REF! | D21: =sum(E21:F21) -> 0 | E21: =countifs('입원현황'!B:B,">=10",'입원현황'!B:B,"<=12",'입원현황'!G:G,"자의입원") -> 0 | F21: =SUMPRODUCT(countifs('입원현황'!$B:$B,">=10",'입원현황'!$B:$B,"<=12",'입원현황'!$G:$G,$S$15:$S$18)) -> 0 | G21: =SUM(H21:H22) -> 0 | H21: =SUMPRODUCT(COUNTIFS('시설입소현황'!B:B,">=10",'시설입소현황'!B:B,"<=12",'시설입소현황'!J:J,$T$14:$T$16)) -> 0 | I21: =COUNTIFS('시설입소현황'!C:C,">=10",'시설입소현황'!C:C,"<=12",'시설입소현황'!K:K,T17) -> 0 | J21: ='법인월보고용'!K20 -> #REF! | K21: ='법인월보고용'!M20 -> #REF!
S22: 1 | T22: 4 | U22: 7 | V22: 10
A23: 3. 연계경로 | S23: 2 | T23: 5 | U23: 8 | V23: 11
A24: 구분 | B24: 분기 | C24: 계 | D24: 센터 거리 | E24: 위기 | F24: 구청 등 | G24: 노숙인 | H24: 노숙인시설 | I24: 직접발굴 | S24: 3 | T24: 6 | U24: 9 | V24: 12
D25: 상담반 | E25: 대응콜 | F25: 유관기관 | G25: 방문 | H25: 개입요청 | I25: (아웃리치)
A26: 계 | D26: =SUM(D27:D30) -> 0 | E26: =SUM(E27:E30) -> 0 | F26: =SUM(F27:F30) -> 0 | G26: =SUM(G27:G30) -> 0 | H26: =SUM(H27:H30) -> 0 | I26: =SUM(I27:I30) -> 0
A27: 다시서기 | B27: 1분기 | C27: =SUM(D27:I27) -> 0 | I27: 0
A28: 다시서기 | B28: 2분기 | C28: =SUM(D28:I28) -> 0 | I28: 0
A29: 다시서기 | B29: 3분기 | C29: =SUM(D29:I29) -> 0 | I29: 0
A30: 다시서기 | B30: 4분기 | C30: =SUM(D30:I30) -> 0
S31: 귀가 | T31: 연락두절
A32: 4. 병원입원 후 사례관리 | S32: 시설연계 | T32: 사망
A33: 구분 | B33: 분기 | C33: 입원조치 인원 | D33: 입원치료중 | E33: 퇴원 후 연계 서비스 | M33: 입원 중 사례관리 | S33: 주거지원 | T33: 체포 및 수감
E34: 소계 | F34: 귀가 | G34: 시설연계 | H34: 주거지원 | I34: 일자리지원 | J34: 재입원 | K34: 연락두절 등기타 | L34: 재노숙 | M34: 병원방문 | N34: 주민등록 | O34: 수급획득 | S34: 일자리지원 | T34: 귀환
S35: 재입원 | T35: 전원
A36: 계 | C36: =SUM(C37:C40) -> 54 | D36: =SUM(D37:D40) -> 44 | E36: =SUM(E37:E40) -> 7 | F36: =SUM(F37:F40) -> 0 | G36: =SUM(G37:G40) -> 0 | H36: =SUM(H37:H40) -> 0 | I36: =SUM(I37:I40) -> 0 | J36: =SUM(J37:J40) -> 3 | ... O36: =SUM(O37:O40) -> 2 | S36: 재노숙 | T36: 기타
A37: 다시서기 | B37: 1분기 | C37: =sum(COUNTIF('입원현황'!$B:$B,1),COUNTIF('입원현황'!$B:$B,2),COUNTIF('입원현황'!$B:$B,3)) -> 54 | D37: =countifs('입원현황'!$B:$B,">=1",'입원현황'!$B:$B,"<=3",'입원현황'!$M:$M,"입원중") -> 44 | E37: =SUM(F37:L37) -> 7 | F37: =countifs('입원현황'!$B:$B,">=1",'입원현황'!$B:$B,"<=3",'입원현황'!$P:$P,S$30) -> 0 | G37: =countifs('입원현황'!$B:$B,">=1",'입원현황'!$B:$B,"<=3",'입원현황'!$P:$P,S$32) -> 0 | H37: =countifs('입원현황'!$B:$B,">=1",'입원현황'!$B:$B,"<=3",'입원현황'!$P:$P,S$33) -> 0 | I37: =countifs('입원현황'!$B:$B,">=1",'입원현황'!$B:$B,"<=3",'입원현황'!$P:$P,S$34) -> 0 | J37: =countifs('입원현황'!$B:$B,">=1",'입원현황'!$B:$B,"<=3",'입원현황'!$P:$P,S$35) -> 3 | K37: =SUMPRODUCT(countifs('입원현황'!$B:$B,">=1",'입원현황'!$B:$B,"<=3",'입원현황'!$P:$P,$T$31:$T$36)) -> 4 | L37: =countifs('입원현황'!$B:$B,">=1",'입원현황'!$B:$B,"<=3",'입원현황'!$P:$P,Y$30) -> 0 | M37: ='법인월보고용'!O7 -> #REF! | N37: =SUM('조치후 사례관리'!R19:R21,'조치후 사례관리'!T19:T21) -> 2 | O37: =SUM('조치후 사례관리'!V19:V21) -> 2
A38: 다시서기 | B38: 2분기 | C38: =sum(COUNTIF('입원현황'!$B:$B,4),COUNTIF('입원현황'!$B:$B,5),COUNTIF('입원현황'!$B:$B,6)) -> 0 | D38: =countifs('입원현황'!$B:$B,">=4",'입원현황'!$B:$B,"<=6",'입원현황'!$M:$M,"입원중") -> 0 | E38: =SUM(F38:L38) -> 0 | F38: =countifs('입원현황'!$B:$B,">=4",'입원현황'!$B:$B,"<=6",'입원현황'!$P:$P,S$30) -> 0 | G38: =countifs('입원현황'!$B:$B,">=4",'입원현황'!$B:$B,"<=6",'입원현황'!$P:$P,S$32) -> 0 | H38: =countifs('입원현황'!$B:$B,">=4",'입원현황'!$B:$B,"<=6",'입원현황'!$P:$P,S$33) -> 0 | I38: =countifs('입원현황'!$B:$B,">=4",'입원현황'!$B:$B,"<=6",'입원현황'!$P:$P,S$34) -> 0 | J38: =countifs('입원현황'!$B:$B,">=4",'입원현황'!$B:$B,"<=6",'입원현황'!$P:$P,S$35) -> 0 | K38: =SUMPRODUCT(countifs('입원현황'!$B:$B,">=4",'입원현황'!$B:$B,"<=6",'입원현황'!$P:$P,$T$31:$T$36)) -> 0 | L38: =countifs('입원현황'!$B:$B,">=4",'입원현황'!$B:$B,"<=6",'입원현황'!$P:$P,Y$30) -> 0 | M38: ='법인월보고용'!O11 -> #REF! | N38: =SUM('조치후 사례관리'!R22:R24,'조치후 사례관리'!T22:T24) -> 0 | O38: =SUM('조치후 사례관리'!V22:V24) -> 0
A39: 다시서기 | B39: 3분기 | C39: =sum(COUNTIF('입원현황'!$B:$B,7),COUNTIF('입원현황'!$B:$B,8),COUNTIF('입원현황'!$B:$B,9)) -> 0 | D39: =countifs('입원현황'!$B:$B,">=7",'입원현황'!$B:$B,"<=9",'입원현황'!$M:$M,"입원중") -> 0 | E39: =SUM(F39:L39) -> 0 | F39: =countifs('입원현황'!$B:$B,">=7",'입원현황'!$B:$B,"<=9",'입원현황'!$P:$P,S$30) -> 0 | G39: =countifs('입원현황'!$B:$B,">=7",'입원현황'!$B:$B,"<=9",'입원현황'!$P:$P,S$32) -> 0 | H39: =countifs('입원현황'!$B:$B,">=7",'입원현황'!$B:$B,"<=9",'입원현황'!$P:$P,S$33) -> 0 | I39: =countifs('입원현황'!$B:$B,">=7",'입원현황'!$B:$B,"<=9",'입원현황'!$P:$P,S$34) -> 0 | J39: =countifs('입원현황'!$B:$B,">=7",'입원현황'!$B:$B,"<=9",'입원현황'!$P:$P,S$35) -> 0 | K39: =SUMPRODUCT(countifs('입원현황'!$B:$B,">=7",'입원현황'!$B:$B,"<=9",'입원현황'!$P:$P,$T$31:$T$36)) -> 0 | L39: =countifs('입원현황'!$B:$B,">=7",'입원현황'!$B:$B,"<=9",'입원현황'!$P:$P,Y$30) -> 0 | M39: ='법인월보고용'!O16 -> #REF! | N39: =SUM('조치후 사례관리'!R25:R27,'조치후 사례관리'!T25:T27) -> 0 | O39: =SUM('조치후 사례관리'!V25:V27) -> 0
A40: 다시서기 | B40: 4분기 | C40: =SUMPRODUCT(countifs('입원현황'!$B:$B,">=10",'입원현황'!$B:$B,"<=12",'입원현황'!$G:$G,$S$14:$S$18)) -> 0 | D40: =countifs('입원현황'!$B:$B,">=10",'입원현황'!$B:$B,"<=12",'입원현황'!$M:$M,"입원중") -> 0 | E40: =SUM(F40:L40) -> 0 | F40: =countifs('입원현황'!$B:$B,">=10",'입원현황'!$B:$B,"<=12",'입원현황'!$P:$P,S$30) -> 0 | G40: =countifs('입원현황'!$B:$B,">=10",'입원현황'!$B:$B,"<=12",'입원현황'!$P:$P,S$32) -> 0 | H40: =countifs('입원현황'!$B:$B,">=10",'입원현황'!$B:$B,"<=12",'입원현황'!$P:$P,S$33) -> 0 | I40: =countifs('입원현황'!$B:$B,">=10",'입원현황'!$B:$B,"<=12",'입원현황'!$P:$P,S$34) -> 0 | J40: =countifs('입원현황'!$B:$B,">=10",'입원현황'!$B:$B,"<=12",'입원현황'!$P:$P,S$35) -> 0 | K40: =SUMPRODUCT(countifs('입원현황'!$B:$B,">=10",'입원현황'!$B:$B,"<=12",'입원현황'!$P:$P,$T$31:$T$36)) -> 0 | L40: =countifs('입원현황'!$B:$B,">=10",'입원현황'!$B:$B,"<=12",'입원현황'!$P:$P,Y$30) -> 0 | M40: ='법인월보고용'!O20 -> #REF! | N40: =SUM('조치후 사례관리'!R28:R30,'조치후 사례관리'!T28:T30) -> 0 | O40: =SUM('조치후 사례관리'!V28:V30) -> 0
S41: 귀가
A42: 5. 시설입소 후 사례관리 | S42: 타시설전원
A43: 구분 | B43: 분기 | C43: 입소조치인원 | D43: 입소중 | E43: 퇴소 후 연계 서비스 | S43: 병원입원
E44: 소계 | F44: 귀가 | G44: 타시설 전원조치 | H44: 병원입원 | I44: 주거지원 | J44: 일자리지원 | K44: 연락 두절 등 기타 | L44: 재노숙 | S44: 주거지원
A45: 계 | C45: =SUM(C46:C49) -> 32 | D45: =SUM(D46:D49) -> 32 | E45: =SUM(F45:L45) -> 0 | F45: =SUM(F46:F49) -> 0 | G45: =SUM(G46:G49) -> 0 | H45: =SUM(H46:H49) -> 0 | I45: =SUM(I46:I49) -> 0 | J45: =SUM(J46:J49) -> 0 | K45: =SUM(K46:K49) -> 0 | L45: =SUM(L46:L49) -> 0 | S45: 일자리지원
A46: 다시서기 | B46: 1분기 | C46: =SUM(COUNTIFS('시설입소현황'!$B:$B,">=1",'시설입소현황'!$B:$B,"<=3")) -> 32 | D46: =COUNTIFS('시설입소현황'!$B:$B,">=1",'시설입소현황'!$B:$B,"<=3",'시설입소현황'!$K:$K,"입소") -> 32 | E46: =SUM(F46:L46) -> 0 | F46: =countifs('시설입소현황'!$B:$B,">=1",'시설입소현황'!$B:$B,"<=3",'시설입소현황'!$N:$N,$S$41) -> 0 | G46: =countifs('시설입소현황'!$B:$B,">=1",'시설입소현황'!$B:$B,"<=3",'시설입소현황'!$N:$N,S42) -> 0 | H46: =countifs('시설입소현황'!$B:$B,">=1",'시설입소현황'!$B:$B,"<=3",'시설입소현황'!$N:$N,$S$43) -> 0 | I46: =countifs('시설입소현황'!$B:$B,">=1",'시설입소현황'!$B:$B,"<=3",'시설입소현황'!$N:$N,$S$44) -> 0 | J46: =countifs('시설입소현황'!$B:$B,">=1",'시설입소현황'!$B:$B,"<=3",'시설입소현황'!$N:$N,$S$45) -> 0 | K46: =SUMPRODUCT(COUNTIFS('시설입소현황'!B:B,">=1",'시설입소현황'!B:B,"<=3",'시설입소현황'!N:N,$S$46:$S$47)) -> 0 | L46: =countifs('시설입소현황'!$B:$B,">=1",'시설입소현황'!$B:$B,"<=3",'시설입소현황'!$N:$N,$S$48) -> 0 | S46: 연락두절
A47: 다시서기 | B47: 2분기 | C47: =SUM(COUNTIFS('시설입소현황'!$B:$B,">=4",'시설입소현황'!$B:$B,"<=6")) -> 0 | D47: =COUNTIFS('시설입소현황'!$B:$B,">=4",'시설입소현황'!$B:$B,"<=6",'시설입소현황'!$K:$K,"입소") -> 0 | E47: =SUM(F47:L47) -> 0 | F47: =countifs('시설입소현황'!$B:$B,">=4",'시설입소현황'!$B:$B,"<=6",'시설입소현황'!$N:$N,$S$41) -> 0 | G47: =countifs('시설입소현황'!$B:$B,">=4",'시설입소현황'!$B:$B,"<=6",'시설입소현황'!$N:$N,$S$42) -> 0 | H47: =countifs('시설입소현황'!$B:$B,">=4",'시설입소현황'!$B:$B,"<=6",'시설입소현황'!$N:$N,$S$43) -> 0 | I47: =countifs('시설입소현황'!$B:$B,">=4",'시설입소현황'!$B:$B,"<=6",'시설입소현황'!$N:$N,$S$44) -> 0 | J47: =countifs('시설입소현황'!$B:$B,">=4",'시설입소현황'!$B:$B,"<=6",'시설입소현황'!$N:$N,$S$45) -> 0 | K47: =SUMPRODUCT(COUNTIFS('시설입소현황'!B:B,">=4",'시설입소현황'!B:B,"<=6",'시설입소현황'!N:N,$S$46:$S$47)) -> 0 | L47: =countifs('시설입소현황'!$B:$B,">=4",'시설입소현황'!$B:$B,"<=6",'시설입소현황'!$N:$N,$S$48) -> 0 | S47: 기타
A48: 다시서기 | B48: 3분기 | C48: =SUM(COUNTIFS('시설입소현황'!$B:$B,">=7",'시설입소현황'!$B:$B,"<=9")) -> 0 | D48: =COUNTIFS('시설입소현황'!$B:$B,">=7",'시설입소현황'!$B:$B,"<=9",'시설입소현황'!$K:$K,"입소") -> 0 | E48: =SUM(F48:L48) -> 0 | F48: =countifs('시설입소현황'!$B:$B,">=7",'시설입소현황'!$B:$B,"<=9",'시설입소현황'!$N:$N,$S$41) -> 0 | G48: =countifs('시설입소현황'!$B:$B,">=7",'시설입소현황'!$B:$B,"<=9",'시설입소현황'!$N:$N,$S$42) -> 0 | H48: =countifs('시설입소현황'!$B:$B,">=7",'시설입소현황'!$B:$B,"<=9",'시설입소현황'!$N:$N,$S$43) -> 0 | I48: =countifs('시설입소현황'!$B:$B,">=7",'시설입소현황'!$B:$B,"<=9",'시설입소현황'!$N:$N,$S$44) -> 0 | J48: =countifs('시설입소현황'!$B:$B,">=7",'시설입소현황'!$B:$B,"<=9",'시설입소현황'!$N:$N,$S$45) -> 0 | K48: =SUMPRODUCT(COUNTIFS('시설입소현황'!B:B,">=7",'시설입소현황'!B:B,"<=9",'시설입소현황'!N:N,$S$46:$S$47)) -> 0 | L48: =countifs('시설입소현황'!$B:$B,">=7",'시설입소현황'!$B:$B,"<=9",'시설입소현황'!$N:$N,$S$48) -> 0 | S48: 재노숙
A49: 다시서기 | B49: 4분기 | C49: =SUMPRODUCT(COUNTIFS('시설입소현황'!B:B,">=10",'시설입소현황'!B:B,"<=12",'시설입소현황'!J:J,T14:T19)) -> 0 | D49: =COUNTIFS('시설입소현황'!$B:$B,">=10",'시설입소현황'!$B:$B,"<=12",'시설입소현황'!$K:$K,"입소") -> 0 | E49: =SUM(F49:L49) -> 0 | F49: =countifs('시설입소현황'!$B:$B,">=10",'시설입소현황'!$B:$B,"<=12",'시설입소현황'!$N:$N,$S$41) -> 0 | G49: =countifs('시설입소현황'!$B:$B,">=10",'시설입소현황'!$B:$B,"<=12",'시설입소현황'!$N:$N,$S$42) -> 0 | H49: =countifs('시설입소현황'!$B:$B,">=10",'시설입소현황'!$B:$B,"<=12",'시설입소현황'!$N:$N,$S$43) -> 0 | I49: =countifs('시설입소현황'!$B:$B,">=10",'시설입소현황'!$B:$B,"<=12",'시설입소현황'!$N:$N,$S$44) -> 0 | J49: =countifs('시설입소현황'!$B:$B,">=10",'시설입소현황'!$B:$B,"<=12",'시설입소현황'!$N:$N,$S$45) -> 0 | K49: =SUMPRODUCT(COUNTIFS('시설입소현황'!B:B,">=10",'시설입소현황'!B:B,"<=12",'시설입소현황'!N:N,$S$46:$S$47)) -> 0 | L49: =countifs('시설입소현황'!$B:$B,">=10",'시설입소현황'!$B:$B,"<=12",'시설입소현황'!$N:$N,$S$48) -> 0
A51: 6. 주거지원 후 사례관리
A52: 구분 | B52: 분기 | C52: 주거지원 인원수 | D52: 주거유지중 | E52: 주거지원 종료(명) | K52: 사례관리(건)
E53: 소계 | F53: 귀가 | G53: 시설연계 | H53: 입원 | I53: 재노숙 | J53: 연락두절등 기타 | K53: 계 | L53: 외래진료 | M53: 투약관리 | N53: 일자리연계 | O53: 주민등록 | P53: 수급획득
A55: 계 | C55: =SUM(C56:C59) -> 0 | D55: =SUM(D56:D59) -> 0 | E55: =SUM(E56:E59) -> 0 | F55: =SUM(F56:F59) -> 0 | G55: =SUM(G56:G59) -> 0 | H55: =SUM(H56:H59) -> 0 | I55: =SUM(I56:I59) -> 0 | J55: =SUM(J56:J59) -> 0 | ... P55: =SUM(P56:P59) -> 0
A56: 다시서기 | B56: 1분기 | D56: =C56-E56 -> 0 | E56: =SUM(F56:J56) -> 0 | K56: =SUM(L56:P56) -> 0
A57: 다시서기 | B57: 2분기 | D57: =C57-E57 -> 0 | E57: =SUM(F57:J57) -> 0 | K57: =SUM(L57:P57) -> 0
A58: 다시서기 | B58: 3분기 | D58: =C58-E58 -> 0 | E58: =SUM(F58:J58) -> 0 | K58: =SUM(L58:P58) -> 0
A59: 다시서기 | B59: 4분기 | D59: =C59-E59 -> 0 | E59: =SUM(F59:J59) -> 0 | K59: =SUM(L59:P59) -> 0

Sheet 전체입원현황(15년부터)
A1: 연번 | B1: 월 | C1: 입원날짜 | D1: 성별 | E1: 대상자명 | F1: 생년월일 | G1: 입원형태 | H1: 질환명 | I1: 병원명 | J1: 담당자 | K1: 사례관리담당자 | L1: 진단명 | M1: 입원여부 | N1: 입원기간 | O1: 퇴원일 | P1: 퇴원 후 연계 | Q1: 비고
A2: 85 | C2: 45244 | D2: 남 | E2: 조문종 | F2: 711005-1 | G2: 자의입원 | H2: 정신 | I2: 해상병원 | L2: 조현병 | M2: 퇴원 | N2: =O2-C2 -> 50 | O2: 45294 | P2: 귀가
A3: 105 | B3: =MONTH(C3) -> 1 | C3: 45296 | D3: 남 | E3: 송원배 | F3: 660922-1 | G3: 자의입원 | H3: 알코올 | I3: 라엘정신건강의학과 | J3: 임종혁 | L3: 알코올의존 | M3: 퇴원 | N3: =O3-C3 -> 3 | O3: 45299 | P3: 재입원 | Q3: 서북병원 내과 입원
A4: 69 | C4: 45113 | D4: 남 | E4: 김동수 | F4: 610511-1 | G4: 자의입원 | H4: 알코올 | I4: 해상병원 | L4: 알코올의존 | M4: 퇴원 | N4: =O4-C4 -> 187 | O4: 45300 | P4: 연락두절
A5: 95 | B5: =MONTH(C5) -> 12 | C5: 45264 | D5: 남 | E5: 이기삼 | F5: 660915-1 | G5: 자의입원 | H5: 정신 | I5: 라엘정신건강의학과 | L5: 조울증 | M5: 퇴원 | N5: =O5-C5 -> 36 | O5: 45300 | P5: 연락두절
A6: 104 | B6: =MONTH(C6) -> 1 | C6: 45295 | D6: 남 | E6: 오동진 | F6: 970318-1 | G6: 자의입원 | H6: 정신 | I6: 라엘정신건강의학과 | J6: 조국일 | K6: 조국일 | L6: 우울증, 자살사고 | M6: 퇴원 | N6: =O6-C6 -> 8 | O6: 45303 | P6: 시설연계 | Q6: 비전트레이닝센터
A7: 111 | B7: =MONTH(C7) -> 1 | C7: 45303 | D7: 남 | E7: 김덕기 | F7: 801104-1 | G7: 자의입원 | H7: 알코올 | I7: 김포다은병원 | J7: 임종혁 | L7: 알코올의존 | M7: 퇴원 | N7: =O7-C7 -> 7 | O7: 45310 | P7: 재노숙
A8: 112 | B8: =MONTH(C8) -> 1 | C8: 45305 | D8: 남 | E8: 정재창 | F8: 670807-1 | G8: 자의입원 | H8: 알코올 | I8: 백암병원 | J8: 김영민 | L8: 알코올의존 | M8: 퇴원 | N8: =O8-C8 -> 5 | O8: 45310 | P8: 재노숙
A9: 118 | B9: =MONTH(C9) -> 1 | C9: 45310 | D9: 여 | E9: 김세은 | F9: 970502-2 | G9: 응급입원 | H9: 정신 | I9: 김포다은병원 | J9: 임종혁 | L9: 조울증, 자살사고 | M9: 퇴원 | N9: =O9-C9 -> 3 | O9: 45313 | P9: 연락두절
A10: 102 | C10: 45289 | D10: 남 | E10: 송영석 | F10: 791122-1 | G10: 보호진단 | H10: 정신 | I10: 해상병원 | L10: 조현병 | M10: 퇴원 | N10: =O10-C10 -> 25 | O10: 45314 | P10: 전원 | Q10: 화정병원
A11: 83 | B11: =MONTH(C11) -> 10 | C11: 45228 | D11: 남 | E11: 방대수 | F11: 601209-1 | I11: 김포다은병원 | M11: 퇴원 | N11: =O11-C11 -> 94 | O11: 45322 | P11: 연락두절
A12: 128 | C12: 45324 | D12: 남 | E12: 김남윤 | F12: 951127-1 | G12: 응급입원 | H12: 정신 | I12: 라엘마음병원 | J12: 임종혁 | L12: 우울, 자살사고 | M12: 퇴원 | N12: =O12-C12 -> 4 | O12: 45328 | P12: 시설연계
A13: 93 | B13: =MONTH(C13) -> 11 | C13: 45259 | D13: 남 | E13: 황승민 | F13: 811208-1 | I13: 김포다은병원 | M13: 퇴원 | N13: =O13-C13 -> 72 | O13: 45331 | P13: 연락두절
A14: 84 | C14: 45240 | D14: 남 | E14: 이동식 | F14: 740317-1 | G14: 자의입원 | H14: 알코올 | I14: 해상병원 | L14: 알코올의존 | M14: 퇴원 | N14: =O14-C14 -> 96 | O14: 45336 | P14: 귀가
A15: 130 | C15: 45327 | D15: 남 | E15: 오동진 | F15: 970318-1 | G15: 자의입원 | H15: 정신 | I15: 해상병원 | J15: 조국일 | L15: 우울증 | M15: 퇴원 | N15: =O15-C15 -> 15 | O15: 45342 | P15: 시설연계 | Q15: 비전트레이닝센터 입소
A16: 136 | B16: =MONTH(C16) -> 2 | C16: 45333 | D16: 남 | E16: 김신흥 | F16: 680811-1 | G16: 자의입원 | H16: 정신 | I16: 김포다은병원 | J16: 김영민 | L16: 상세불명의 충동, 자살사고 | M16: 퇴원 | N16: =O16-C16 -> 9 | O16: 45342 | P16: 귀가
A17: 81 | B17: =MONTH(C17) -> 9 | C17: 45196 | D17: 여 | E17: 안나영 | F17: 730815-2 | I17: 김포다은병원 | M17: 퇴원 | N17: =O17-C17 -> 149 | O17: 45345 | P17: 연락두절
A18: 119 | C18: 45314 | D18: 남 | E18: 김옥동 | F18: 640329-1 | G18: 자의입원 | H18: 알코올 | I18: 축령정신병원 | J18: 조국일 | L18: 알코올의존 | M18: 퇴원 | N18: =O18-C18 -> 31 | O18: 45345 | P18: 연락두절
A19: 90 | C19: 45254 | D19: 남 | E19: 김평열 | F19: 690909-1 | G19: 자의입원 | H19: 알코올 | I19: 라엘마음병원 | L19: 알코올의존 | M19: 퇴원 | N19: =O19-C19 -> 94 | O19: 45348 | P19: 재노숙
A20: 91 | C20: 45254 | D20: 남 | E20: 박준용 | F20: 711027-1 | G20: 자의입원 | H20: 알코올 | I20: 라엘마음병원 | L20: 알코올의존 | M20: 퇴원 | N20: =O20-C20 -> 94 | O20: 45348 | P20: 재노숙
A21: 106 | B21: =MONTH(C21) -> 1 | C21: 45296 | D21: 남 | E21: 박성훈 | F21: 630816-1 | G21: 자의입원 | H21: 정신 | I21: 도은병원 | J21: 최리선 | L21: 조현병 | M21: 퇴원 | N21: =O21-C21 -> 53 | O21: 45349 | P21: 재입원
A22: 139 | B22: =MONTH(C22) -> 2 | C22: 45336 | D22: 남 | E22: 신현우 | F22: 641118-1 | G22: 보호진단 | H22: 알코올 | I22: 도은병원 | J22: 임종혁 | L22: 알코올의존, 우울, 자살사고 | M22: 퇴원 | N22: =O22-C22 -> 14 | O22: 45350 | P22: 귀가 | Q22: 귀가
A23: 122 | C23: 45317 | D23: 남 | E23: 이진구 | F23: 680224-1 | G23: 자의입원 | H23: 정신 | I23: 축령정신병원 | J23: 임종혁 | L23: 조현병 | M23: 퇴원 | N23: =O23-C23 -> 34 | O23: 45351 | P23: 시설연계 | Q23: 비전트레이닝센터 입소
A24: 137 | B24: =MONTH(C24) -> 2 | C24: 45335 | D24: 남 | E24: 김형순 | F24: 670922-1 | G24: 자의입원 | H24: 정신 | I24: 라엘정신건강의학과 | J24: 최리선 | L24: 우울증, 알코올의존 | M24: 퇴원 | N24: =O24-C24 -> 20 | O24: 45355 | P24: 귀가
A25: 109 | C25: 45300 | D25: 남 | E25: 박제석 | F25: 680828-1 | G25: 자의입원 | H25: 알코올 | I25: 해상병원 | J25: 임종혁 | L25: 알코올의존 | M25: 퇴원 | N25: =O25-C25 -> 71 | O25: 45371 | P25: 주거지원
A26: 132 | C26: 45329 | D26: 남 | E26: 김승준 | F26: 770216-1 | G26: 자의입원 | H26: 알코올 | I26: 축령정신병원 | J26: 임종혁 | L26: 알코올의존, 우울 | M26: 퇴원 | N26: =O26-C26 -> 42 | O26: 45371 | P26: 재노숙
A27: 149 | B27: =MONTH(C27) -> 2 | C27: 45351 | D27: 남 | E27: 이영국 | F27: 900220-1 | G27: 자의입원 | H27: 정신 | I27: 도은병원 | J27: 임종혁 | L27: 지적장애, 충동장애 | M27: 퇴원 | N27: =O27-C27 -> 20 | O27: 45371 | P27: 귀가
A28: 143 | B28: =MONTH(C28) -> 2 | C28: 45343 | D28: 남 | E28: 김창현 | F28: 660125-1 | G28: 자의입원 | H28: 정신 | I28: 도은병원 | J28: 최리선 | L28: 양극성정동장애 | M28: 퇴원 | N28: =O28-C28 -> 34 | O28: 45377 | P28: 주거지원
A29: 107 | B29: =MONTH(C29) -> 1 | C29: 45296 | D29: 남 | E29: 김경재 | F29: 470517-1 | G29: 보호진단 | H29: 정신 | I29: 도은병원 | J29: 임종혁 | L29: 치매, 조현병 | M29: 퇴원 | N29: =O29-C29 -> 88 | O29: 45384 | P29: 주거지원
A30: 162 | B30: =MONTH(C30) -> 3 | C30: 45371 | D30: 남 | E30: 황승민 | F30: 811208-1 | G30: 자의입원 | H30: 알코올 | I30: 김포다은병원 | J30: 임종혁 | L30: 알코올의존 | M30: 퇴원 | N30: =O30-C30 -> 13 | O30: 45384 | P30: 재입원
A31: 133 | C31: 45330 | D31: 남 | E31: 이완수 | F31: 720120-1 | G31: 자의입원 | H31: 알코올 | I31: 해상병원 | J31: 임종혁 | L31: 알코올의존 | M31: 퇴원 | N31: =O31-C31 -> 55 | O31: 45385 | P31: 귀가 | Q31: 지인집
A32: 108 | C32: 45299 | D32: 남 | E32: 김충돈 | F32: 700604-1 | G32: 보호진단 | H32: 정신 | I32: 축령정신병원 | J32: 임종혁 | L32: 조현정동장애 | M32: 퇴원 | N32: =O32-C32 -> 91 | O32: 45390 | P32: 귀가
A33: 172 | C33: 45387 | D33: 남 | E33: 권금호 | F33: 680228-1 | G33: 자의입원 | H33: 정신 | I33: 해상병원 | J33: 최리선 | L33: 우울증 | M33: 퇴원 | N33: =O33-C33 -> 4 | O33: 45391 | P33: 귀가
A34: 124 | C34: 45321 | D34: 남 | E34: 정재창 | F34: 670807-1 | G34: 자의입원 | H34: 알코올 | I34: 해상병원 | J34: 최리선 | L34: 알코올의존 | M34: 퇴원 | N34: =O34-C34 -> 73 | O34: 45394 | P34: 귀가 | Q34: 7/10 재원확인
A35: 113 | B35: =MONTH(C35) -> 1 | C35: 45305 | D35: 남 | E35: 박준후 | F35: 770712-1 | G35: 응급입원 | H35: 정신 | I35: 김포다은병원 | J35: 최리선 | L35: 우울증, 충동조절장애 | M35: 퇴원 | N35: =O35-C35 -> 92 | O35: 45397 | P35: 시설연계
A36: 147 | B36: =MONTH(C36) -> 2 | C36: 45348 | D36: 남 | E36: 방대수 | F36: 601209-1 | G36: 자의입원 | H36: 정신 | I36: 라엘정신건강의학과 | J36: 최리선 | L36: 조울증 | M36: 퇴원 | N36: =O36-C36 -> 50 | O36: 45398 | P36: 귀가 | Q36: 수급자, 스스로 방얻을 예정
A37: 134 | B37: =MONTH(C37) -> 2 | C37: 45330 | D37: 남 | E37: 조윤석 | F37: 770929-1 | G37: 자의입원 | H37: 알코올 | I37: 라엘정신건강의학과 | J37: 조국일 | L37: 알코올의존 | M37: 퇴원 | N37: =O37-C37 -> 69 | O37: 45399 | P37: 재입원
A38: 170 | C38: 45384 | D38: 남 | E38: 전민석 | F38: 650817-1 | G38: 자의입원 | H38: 알코올 | I38: 동부병원해독센터 | M38: 퇴원 | N38: =O38-C38 -> 15 | O38: 45399 | P38: 연락두절
A39: 97 | B39: =MONTH(C39) -> 12 | C39: 45267 | D39: 남 | E39: 최용화 | F39: 810908-1 | I39: 김포다은병원 | M39: 퇴원 | N39: =O39-C39 -> 134 | O39: 45401 | P39: 연락두절
A40: 166 | C40: 45378 | D40: 남 | E40: 양인수 | F40: 740518-1 | G40: 자의입원 | H40: 알코올 | I40: 라엘마음병원 | J40: 조국일 | L40: 알코올의존 | M40: 퇴원 | N40: =O40-C40 -> 26 | O40: 45404 | P40: 재노숙
A41: 178 | C41: 45401 | D41: 여 | E41: 박미진 | F41: 821111-2 | G41: 자의입원 | H41: 정신 | I41: 해상병원 | J41: 임종혁 | L41: 양극성장애 | M41: 퇴원 | N41: =O41-C41 -> 3 | O41: 45404 | P41: 시설연계 | Q41: 아가페의집
A42: 173 | C42: 45387 | D42: 남 | E42: 김만균 | F42: 640721-1 | G42: 자의입원 | H42: 알코올 | I42: 동부병원해독센터 | M42: 퇴원 | N42: =O42-C42 -> 18 | O42: 45405 | P42: 연락두절
A43: 175 | B43: =MONTH(C43) -> 4 | C43: 45394 | D43: 남 | E43: 김창현 | F43: 660125-1 | G43: 자의입원 | H43: 정신 | I43: 도은병원 | J43: 최리선 | L43: 양극성정동장애 | M43: 퇴원 | N43: =O43-C43 -> 11 | O43: 45405 | P43: 재노숙
A44: 115 | C44: 45309 | D44: 여 | E44: 신영희 | F44: 460128-2 | G44: 보호진단 | H44: 정신 | I44: 해상병원 | J44: 최리선 | L44: 조현병 | M44: 퇴원 | N44: =O44-C44 -> 97 | O44: 45406 | P44: 전원 | Q44: 서북병원 내과 전원, 회복후 재입원예정
A45: 123 | B45: =MONTH(C45) -> 1 | C45: 45317 | D45: 남 | E45: 신동래 | F45: 831012-1 | G45: 자의입원 | H45: 알코올 | I45: 라엘정신건강의학과 | J45: 김영민 | L45: 알코올의존 | M45: 퇴원 | N45: =O45-C45 -> 91 | O45: 45408 | P45: 주거지원 | Q45: 주거지원 및 수급권 신청
A46: 148 | C46: 45348 | D46: 여 | E46: 박도이 | F46: 631207-2 | G46: 자의입원 | H46: 정신 | I46: 해상병원 | J46: 최리선 | L46: 상세불명 정신증 | M46: 퇴원 | N46: =O46-C46 -> 60 | O46: 45408 | P46: 재입원
A47: 125 | B47: =MONTH(C47) -> 1 | C47: 45321 | D47: 남 | E47: 신승하 | F47: 671101-1 | G47: 보호진단 | H47: 정신 | I47: 김포다은병원 | J47: 임종혁 | L47: 우울, 자살사고, 알코올의존 | M47: 퇴원 | N47: =O47-C47 -> 90 | O47: 45411 | P47: 귀가
A48: 126 | C48: 45321 | D48: 남 | E48: 강신열 | F48: 790308-1 | G48: 응급입원 | H48: 알코올 | I48: 라엘마음병원 | J48: 조국일 | L48: 알코올의존 | M48: 퇴원 | N48: =O48-C48 -> 90 | O48: 45411 | P48: 재입원 | Q48: 16.09.29 이후에 재입원한적이 없음
A49: 151 | C49: 45355 | D49: 여 | E49: 김경희 | F49: 750203-2 | G49: 자의입원 | H49: 정신 | I49: 해상병원 | J49: 박상준 | L49: 조현병 | M49: 퇴원 | N49: =O49-C49 -> 56 | O49: 45411 | P49: 주거지원 | Q49: 다시서기 내방
A50: 161 | C50: 45369 | D50: 남 | E50: 최일갑 | F50: 760517-1 | G50: 자의입원 | H50: 정신 | I50: 축령정신병원 | J50: 최리선 | L50: 양극성정동장애 | M50: 퇴원 | N50: =O50-C50 -> 42 | O50: 45411 | P50: 재노숙 | Q50: 공적서비스연계
A51: 164 | B51: =MONTH(C51) -> 3 | C51: 45373 | D51: 남 | E51: 정기풍 | F51: 760320-1 | G51: 자의입원 | H51: 알코올 | I51: 라엘정신건강의학과 | J51: 마명철 | L51: 알코올의존 | M51: 퇴원 | N51: =O51-C51 -> 40 | O51: 45413 | P51: 재입원
A52: 129 | B52: =MONTH(C52) -> 2 | C52: 45325 | D52: 남 | E52: 조지혁 | F52: 811213-1 | G52: 응급입원 | H52: 정신 | I52: 김포다은병원 | J52: 임종혁 | L52: r/o 조현병 | M52: 퇴원 | N52: =O52-C52 -> 90 | O52: 45415 | P52: 시설연계
A53: 159 | C53: 45364 | D53: 남 | E53: 이영일 | F53: 690913-1 | G53: 보호진단 | H53: 알코올 | I53: 해상병원 | J53: 임종혁 | L53: 알코올의존, 우울, 공황 | M53: 퇴원 | N53: =O53-C53 -> 51 | O53: 45415 | P53: 귀가 | Q53: 귀가
A54: 131 | C54: 45327 | D54: 남 | E54: 이정민 | F54: 800222-1 | G54: 응급입원 | H54: 정신 | I54: 라엘마음병원 | J54: 조국일 | L54: 자살사고 | M54: 퇴원 | N54: =O54-C54 -> 89 | O54: 45416 | P54: 시설연계
A55: 180 | C55: 45414 | D55: 남 | E55: 박성용 | F55: 690326-1 | G55: 자의입원 | H55: 정신 | I55: 해상병원 | J55: 임종혁 | L55: 양극성장애, 알코올의존 | M55: 퇴원 | N55: =O55-C55 -> 5 | O55: 45419 | P55: 귀가
A56: 103 | C56: 45294 | D56: 남 | E56: 이용우 | F56: 550403-1 | G56: 자의입원 | H56: 정신 | I56: 해상병원 | J56: 임종혁 | L56: 조현병 | M56: 퇴원 | N56: =O56-C56 -> 126 | O56: 45420 | P56: 재입원 | Q56: 실버한방요양병원(금천) 입원
A57: 156 | B57: =MONTH(C57) -> 3 | C57: 45362 | D57: 남 | E57: 김수완 | F57: 901126-1 | G57: 자의입원 | H57: 정신 | I57: 백암병원 | J57: 최리선 | L57: 조현병 | M57: 퇴원 | N57: =O57-C57 -> 58 | O57: 45420 | P57: 재입원 | Q57: 해상병원 재입원
A58: 135 | B58: =MONTH(C58) -> 2 | C58: 45332 | D58: 남 | E58: 김현철 | F58: 820610-1 | G58: 응급입원 | H58: 알코올 | I58: 김포다은병원 | J58: 박상준 | L58: 알코올의존 | M58: 퇴원 | N58: =O58-C58 -> 90 | O58: 45422 | P58: 재노숙
A59: 86 | B59: =MONTH(C59) -> 11 | C59: 45244 | D59: 남 | E59: 최무진 | F59: 750529-1 | I59: 김포다은병원 | M59: 퇴원 | N59: =O59-C59 -> 181 | O59: 45425 | P59: 연락두절
A60: 141 | B60: =MONTH(C60) -> 2 | C60: 45341 | D60: 남 | E60: 김용준 | F60: 791020-1 | G60: 자의입원 | H60: 알코올 | I60: 라엘정신건강의학과 | J60: 마명철 | L60: 알코올의존 | M60: 퇴원 | N60: =O60-C60 -> 89 | O60: 45430 | P60: 연락두절
A61: 189 | C61: 45426 | D61: 남 | E61: 김동연 | F61: 990203-1 | G61: 자의입원 | H61: 정신 | I61: 축령정신병원 | J61: 조국일 | L61: 우울증 | M61: 퇴원 | N61: =O61-C61 -> 4 | O61: 45430 | P61: 귀가 | Q61: 모 귀가
A62: 127 | B62: =MONTH(C62) -> 2 | C62: 45323 | D62: 남 | E62: 김승진 | F62: 880131-1 | G62: 자의입원 | H62: 정신 | I62: 라엘정신건강의학과 | J62: 임종혁 | L62: 우울, 자살사고 | M62: 퇴원 | N62: =O62-C62 -> 109 | O62: 45432 | P62: 귀가 | Q62: 병원 인근 고시원 자진입실(영등포)
A63: 142 | B63: =MONTH(C63) -> 2 | C63: 45341 | D63: 남 | E63: 방종배 | F63: 630123-1 | G63: 자의입원 | H63: 알코올 | I63: 라엘정신건강의학과 | J63: 최리선 | L63: 알코올의존 | M63: 퇴원 | N63: =O63-C63 -> 91 | O63: 45432 | P63: 연락두절 | Q63: 7/10 재원확인
A64: 192 | C64: 45429 | D64: 남 | E64: 표원종 | F64: 620507-1 | G64: 자의입원 | H64: 정신 | I64: 축령정신병원 | J64: 안영호 | L64: 양극성장애 | M64: 퇴원 | N64: =O64-C64 -> 3 | O64: 45432 | P64: 연락두절
A65: 116 | C65: 45309 | D65: 여 | E65: 김해용 | F65: 570130-2 | G65: 자의입원 | H65: 정신 | I65: 축령정신병원 | J65: 조국일 | L65: 조현정동장애 | M65: 퇴원 | N65: =O65-C65 -> 124 | O65: 45433 | P65: 전원
A66: 145 | C66: 45344 | D66: 남 | E66: 정주영 | F66: 580209-1 | G66: 보호진단 | H66: 알코올 | I66: 해상병원 | J66: 임종혁 | L66: 알코올의존 | M66: 퇴원 | N66: =O66-C66 -> 89 | O66: 45433 | P66: 귀가 | Q66: 형 집으로 귀가
A67: 190 | C67: 45426 | D67: 남 | E67: 도성호 | F67: 621201-1 | G67: 자의입원 | H67: 정신 | I67: 축령정신병원 | J67: 최리선 | L67: 조현병 | M67: 퇴원 | N67: =O67-C67 -> 9 | O67: 45435 | P67: 귀가
A68: 198 | B68: =MONTH(C68) -> 5 | C68: 45436 | D68: 남 | E68: 신범수 | F68: 711204-1 | G68: 자의입원 | H68: 알코올 | I68: 백암병원 | J68: 조국일 | L68: 알코올의존 | M68: 퇴원 | N68: =O68-C68 -> 1 | O68: 45437 | P68: 연락두절
A69: 152 | C69: 45356 | D69: 남 | E69: 조동현 | F69: 771016-1 | G69: 자의입원 | H69: 정신 | I69: 해상병원 | J69: 임종혁 | L69: 조현병 | M69: 퇴원 | N69: =O69-C69 -> 84 | O69: 45440 | P69: 시설연계 | Q69: 누리봄 입소(5/28)
A70: 183 | B70: =MONTH(C70) -> 5 | C70: 45415 | D70: 남 | E70: 박성훈 | F70: 630816-1 | G70: 자의입원 | H70: 정신 | I70: 라엘정신건강의학과 | J70: 조국일 | L70: 조현병 | M70: 퇴원 | N70: =O70-C70 -> 25 | O70: 45440 | P70: 시설연계 | Q70: 희망지원센터 일시보호
A71: 138 | C71: 45335 | D71: 남 | E71: 장오형 | F71: 820610-1 | G71: 자의입원 | H71: 알코올 | I71: 해상병원 | J71: 임종혁 | L71: 알코올의존 | M71: 퇴원 | N71: =O71-C71 -> 106 | O71: 45441 | P71: 귀가
A72: 6 | B72: =MONTH(C72) -> 10 | C72: 43035 | D72: 여 | E72: 나경애 | F72: 670611-2 | G72: 응급입원 | H72: 정신 | I72: 백암병원 | M72: 퇴원 | N72: =O72-C72 -> 2407 | O72: 45442 | P72: 시설연계
A73: 15 | B73: =MONTH(C73) -> 4 | C73: 43943 | D73: 남 | E73: 전억식 | F73: 440409-1 | G73: 자의입원 | H73: 알코올 | I73: 도은병원 | L73: 치매,알코올 의존 | M73: 퇴원 | N73: =O73-C73 -> 1501 | O73: 45444 | P73: 사망
A74: 203 | B74: =MONTH(C74) -> 5 | C74: 45442 | D74: 남 | E74: 허무 | F74: 990526-1 | G74: 자의입원 | H74: 정신 | I74: 라엘정신건강의학과 | J74: 임종혁 | L74: 조울증 | M74: 퇴원 | N74: =O74-C74 -> 4 | O74: 45446 | P74: 시설연계 | Q74: 비전트레이닝센터 연계
A75: 204 | B75: =MONTH(C75) -> 5 | C75: 45443 | D75: 남 | E75: 박성훈 | F75: 630816-1 | G75: 자의입원 | H75: 정신 | I75: 라엘정신건강의학과 | J75: 최리선 | L75: 조현병 | M75: 퇴원 | N75: =O75-C75 -> 3 | O75: 45446 | P75: 시설연계 | Q75: 희망지원센터 일시보호
A76: 31 | B76: =MONTH(C76) -> 5 | C76: 44698 | D76: 남 | E76: 서주원 | F76: 560425-1 | G76: 자의입원 | H76: 정신 | I76: 도은병원 | J76: 윤태영 | L76: 알코올 의존 | M76: 퇴원 | N76: =O76-C76 -> 749 | O76: 45447 | P76: 사망
A77: 168 | C77: 45383 | D77: 남 | E77: 홍순창 | F77: 680824-1 | G77: 자의입원 | H77: 알코올 | I77: 해상병원 | J77: 박상준 | L77: 알코올의존 | M77: 퇴원 | N77: =O77-C77 -> 64 | O77: 45447 | P77: 주거지원 | Q77: 임시주거 연계
A78: 188 | B78: =MONTH(C78) -> 5 | C78: 45425 | D78: 남 | E78: 정기풍 | F78: 760320-1 | G78: 자의입원 | H78: 알코올 | I78: 라엘정신건강의학과 | J78: 마명철 | L78: 알코올의존 | M78: 퇴원 | N78: =O78-C78 -> 22 | O78: 45447 | P78: 연락두절 | Q78: 연락두절
A79: 157 | C79: 45362 | D79: 여 | E79: 강설하 | F79: 000419-2 | G79: 응급입원 | H79: 정신 | I79: 축령정신병원 | J79: 김영민 | L79: 양극성장애 | M79: 퇴원 | N79: =O79-C79 -> 88 | O79: 45450 | P79: 귀가 | Q79: 보호자입원->보호자 인수
A80: 209 | C80: 45450 | D80: 남 | E80: 박제석 | F80: 680828-1 | G80: 자의입원 | H80: 알코올 | I80: 해상병원 | J80: 조국일 | L80: 알코올의존 | M80: 퇴원 | N80: =O80-C80 -> 0 | O80: 45450 | P80: 연락두절
A81: 202 | C81: 45441 | D81: 남 | E81: 김광식 | F81: 720612-1 | G81: 자의입원 | H81: 정신 | I81: 해상병원 | J81: 김영민 | L81: 중등도 우울, 자살사고 | M81: 퇴원 | N81: =O81-C81 -> 13 | O81: 45454 | P81: 재노숙 | Q81: 재노숙
A82: 210 | B82: =MONTH(C82) -> 6 | C82: 45450 | D82: 남 | E82: 조규산 | F82: 630221-1 | G82: 자의입원 | H82: 알코올 | I82: 도은병원 | J82: 조국일 | L82: 알코올의존 | M82: 퇴원 | N82: =O82-C82 -> 5 | O82: 45455 | P82: 전원 | Q82: 오창호수병원 전원
A83: 211 | C83: 45450 | D83: 남 | E83: 조규산 | F83: 630221-1 | G83: 응급입원 | H83: 알코올 | I83: 라엘마음병원 | J83: 조국일 | L83: 알코올의존 | M83: 퇴원 | N83: =O83-C83 -> 5 | O83: 45455 | P83: 재입원 | Q83: 24.9.5 사망
A84: 212 | B84: =MONTH(C84) -> 6 | C84: 45450 | D84: 남 | E84: 이성복 | F84: 810525-1 | G84: 자의입원 | H84: 알코올 | I84: 라엘정신건강의학과 | J84: 최리선 | L84: 알코올의존 | M84: 퇴원 | N84: =O84-C84 -> 6 | O84: 45456 | P84: 연락두절 | Q84: 7/10 재원확인
A85: 193 | B85: =MONTH(C85) -> 5 | C85: 45433 | D85: 여 | E85: 김해용 | F85: 570130-2 | G85: 자의입원 | H85: 정신 | I85: 백암병원 | J85: 조국일 | L85: 조현병 | M85: 퇴원 | N85: =O85-C85 -> 24 | O85: 45457 | P85: 재입원 | Q85: 본인스스로 타병원 입원/병원명 밝히지않음
A86: 215 | C86: 45455 | D86: 남 | E86: 장재훈 | F86: 670706-1 | G86: 자의입원 | H86: 알코올 | I86: 해상병원 | J86: 안영호 | L86: 알코올의존 | M86: 퇴원 | N86: =O86-C86 -> 2 | O86: 45457 | P86: 연락두절 | Q86: 연락두절
A87: 176 | C87: 45397 | D87: 남 | E87: 박용남 | F87: 591013-1 | G87: 자의입원 | H87: 알코올 | I87: 축령정신병원 | J87: 박상준 | L87: 알코올의존 | M87: 퇴원 | N87: =O87-C87 -> 63 | O87: 45460 | P87: 귀가
A88: 114 | C88: 45307 | D88: 남 | E88: 안귀봉 | F88: 690921-1 | G88: 자의입원 | H88: 알코올 | I88: 축령정신병원 | J88: 임종혁 | L88: 알코올의존 | M88: 퇴원 | N88: =O88-C88 -> 154 | O88: 45461 | P88: 체포 및 수감 | Q88: 검거 및 형집행
A89: 25 | B89: =MONTH(C89) -> 4 | C89: 44656 | D89: 남 | E89: 노일복 | F89: 790115-1 | I89: 김포다은병원 | M89: 퇴원 | N89: =O89-C89 -> 807 | O89: 45463 | P89: 연락두절
A90: 213 | B90: =MONTH(C90) -> 6 | C90: 45450 | D90: 남 | E90: 조일동 | F90: 620303-1 | G90: 자의입원 | H90: 알코올 | I90: 라엘정신건강의학과 | J90: 최리선 | L90: 알코올의존 | M90: 퇴원 | N90: =O90-C90 -> 17 | O90: 45467 | P90: 연락두절
A91: 216 | C91: 45455 | D91: 남 | E91: 유재선 | F91: 610714-1 | G91: 자의입원 | H91: 정신 | I91: 해상병원 | J91: 임종혁 | L91: 조현병 | M91: 퇴원 | N91: =O91-C91 -> 12 | O91: 45467 | P91: 재입원 | Q91: 희망센터 1일 보호 후 행정입원 전환
A92: 77 | B92: =MONTH(C92) -> 9 | C92: 45174 | D92: 남 | E92: 김광수 | F92: 661227-1 | G92: 자의입원 | H92: 알코올 | I92: 도은병원 | J92: 조국일 | L92: 알코올 의존 | M92: 퇴원 | N92: =O92-C92 -> 294 | O92: 45468 | P92: 연락두절
A93: 217 | C93: 45457 | D93: 남 | E93: 조일동 | F93: 620303-1 | G93: 자의입원 | H93: 알코올 | I93: 라엘정신건강의학과 | J93: 최리선 | L93: 알코올의존 | M93: 퇴원 | N93: =O93-C93 -> 13 | O93: 45470 | P93: 연락두절
A94: 169 | C94: 45383 | D94: 남 | E94: 김종준 | F94: 630712 | G94: 자의입원 | H94: 알코올 | I94: 축령정신병원 | J94: 김영민 | L94: 알코올의존 | M94: 퇴원 | N94: =O94-C94 -> 91 | O94: 45474 | P94: 귀가 | Q94: 파랑새정원 입실
A95: 194 | C95: 45433 | D95: 여 | E95: 홍기선 | F95: 760911-2 | G95: 자의입원 | H95: 알코올 | I95: 축령정신병원 | J95: 임종혁 | L95: 알코올의존 | M95: 퇴원 | N95: =O95-C95 -> 41 | O95: 45474 | P95: 연락두절 | Q95: 병원 외출 후 미복귀, 연락안됨
A96: 82 | C96: 45211 | D96: 남 | E96: 김부현 | F96: 731203-1 | G96: 자의입원 | H96: 알코올 | I96: 해상병원 | L96: 알코올의존 | M96: 퇴원 | N96: =O96-C96 -> 264 | O96: 45475 | P96: 귀가
A97: 171 | B97: =MONTH(C97) -> 4 | C97: 45386 | D97: 남 | E97: 황승민 | F97: 811208-1 | G97: 보호진단 | H97: 알코올 | I97: 김포다은병원 | J97: 임종혁 | L97: 알코올의존, 우울 | M97: 퇴원 | N97: =O97-C97 -> 90 | O97: 45476 | P97: 재노숙
A98: 222 | C98: 45468 | D98: 남 | E98: 강복규 | F98: 590810-1 | G98: 자의입원 | H98: 알코올 | I98: 축령정신병원 | J98: 조국일 | L98: 알코올의존 | M98: 퇴원 | N98: =O98-C98 -> 9 | O98: 45477 | P98: 시설연계 | Q98: 다시서기 일시보호
A99: 232 | C99: 45476 | D99: 남 | E99: 엄제만 | F99: 990423-1 | G99: 자의입원 | H99: 정신 | I99: 해상병원 | J99: 김영민 | L99: 기타충동조절장애, 자살사고 | M99: 퇴원 | N99: =O99-C99 -> 2 | O99: 45478 | P99: 시설연계
A100: 92 | B100: =MONTH(C100) -> 11 | C100: 45254 | D100: 남 | E100: 정지훈 | F100: 900722-1 | G100: 자의입원 | H100: 정신 | I100: 백암병원 | J100: 최리선 | M100: 퇴원 | N100: =O100-C100 -> 229 | O100: 45483 | P100: 귀가
...

Sheet 입원현황
B1: 월 | C1: 입원날짜 | D1: 성별 | E1: 대상자명 | F1: 생년월일 | G1: 입원형태 | H1: 질환명 | I1: 병원명 | J1: 담당자 | K1: 사례관리담당자 | L1: 진단명 | M1: 입원여부 | N1: 입원기간 | O1: 퇴원일 | P1: 퇴원 후 연계 | Q1: EMS | R1: 입원구 | S1: 비고
A2: 8 | B2: =MONTH(C2) -> 1 | C2: 46031 | D2: 남 | E2: 최성웅 | F2: 830701-1 | G2: 자의입원 | H2: 정신 | I2: 라엘정신건강의학과 | J2: 최리선 | K2: 안영호 | L2: 조현병 | M2: 퇴원 | N2: =O2-C2 -> 5 | O2: 46036 | P2: 재입원
A3: 12 | B3: =MONTH(C3) -> 1 | C3: 46038 | D3: 남 | E3: 남기훈 | F3: 810814-1 | G3: 자의입원 | H3: 알코올 | I3: 백암병원 | J3: 최리선 | K3: 최리선 | L3: 알코올의준 | M3: 퇴원 | N3: =O3-C3 -> 6 | O3: 46044 | P3: 체포 및 수감
A4: 10 | B4: =MONTH(C4) -> 1 | C4: 46036 | D4: 남 | E4: 최성웅 | F4: 830701-1 | G4: 자의입원 | H4: 정신 | I4: 백암병원 | J4: 안영호 | K4: 안영호 | L4: 강박장애 | M4: 퇴원 | N4: =O4-C4 -> 20 | O4: 46056 | P4: 재입원
A5: 11 | B5: =MONTH(C5) -> 1 | C5: 46038 | D5: 남 | E5: 전만춘 | F5: 591116-1 | G5: 응급입원 | H5: 정신 | I5: 도은병원 | J5: 임종혁 | K5: 마명철 | L5: 조울증 | M5: 퇴원 | N5: =O5-C5 -> 19 | O5: 46057 | P5: 사망
A6: 14 | B6: =MONTH(C6) -> 1 | C6: 46044 | D6: 남 | E6: 임진성 | F6: 880225-1 | G6: 자의입원 | H6: 알코올 | I6: 라엘마음병원 | J6: 안영호 | K6: 안영호 | L6: 알코올의존 | M6: 퇴원 | N6: =O6-C6 -> 13 | O6: 46057 | P6: 재노숙
A7: 3 | B7: =MONTH(C7) -> 1 | C7: 46029 | D7: 남 | E7: 김종수 | F7: 730311-1 | G7: 응급입원 | H7: 알코올 | I7: 김포다은병원 | J7: 안영호 | K7: 안영호 | L7: 알코올의존 | M7: 퇴원 | N7: =O7-C7 -> 30 | O7: 46059 | P7: 재노숙
A8: 30 | B8: =MONTH(C8) -> 2 | C8: 46058 | D8: 남 | E8: 김민호 | F8: 011025-1 | G8: 자의입원 | H8: 정신 | I8: 김포다은병원 | J8: 김영민 | K8: 김영민 | L8: 우울에피소드 불안 | M8: 퇴원 | N8: =O8-C8 -> 1 | O8: 46059 | P8: 재노숙
A9: 22 | B9: =MONTH(C9) -> 1 | C9: 46049 | D9: 남 | E9: 박기태 | F9: 860312-1 | G9: 자의입원 | H9: 알코올 | I9: 동부시립병원 해독센터 | J9: 임종혁 | K9: 임종혁 | L9: 알코올의존 | M9: 퇴원 | N9: =O9-C9 -> 24 | O9: 46073 | P9: 연락두절
A10: 15 | B10: =MONTH(C10) -> 1 | C10: 46045 | D10: 남 | E10: 유선태 | F10: 651208-1 | G10: 자의입원 | H10: 알코올 | I10: 해상병원 | J10: 임종혁 | L10: 우울증, 알코올의존 | M10: 퇴원 | N10: =O10-C10 -> 41 | O10: 46086 | P10: 전원 | S10: 김포한강요양병원
A11: 33 | B11: =MONTH(C11) -> 2 | C11: 46058 | D11: 남 | E11: 한현석 | F11: 800624-1 | G11: 자의입원 | H11: 정신 | I11: 백암병원 | J11: 박상준 | K11: 박상준 | L11: 자살사고 | M11: 퇴원 | N11: =O11-C11 -> 32 | O11: 46090
A12: 48 | B12: =MONTH(C12) -> 3 | C12: 46085 | D12: 남 | E12: 안영상 | F12: 950419-1 | G12: 자의입원 | H12: 정신 | I12: 라엘정신건강의학과 | J12: 임종혁 | K12: 임종혁 | L12: 우울, 불안, 자살사고 | M12: 입원중 | N12: =O12-C12 -> 8 | O12: 46093 | P12: 재입원 | S12: 3/13 해상병원 응급입원
A13: 1 | B13: =MONTH(C13) -> 1 | C13: 46024 | D13: 남 | E13: 임웅택 | F13: 710402-1 | G13: 자의입원 | H13: 정신 | I13: 라엘마음병원 | J13: 조국일 | K13: 조국일 | L13: 조현병 | M13: 입원중 | N13: =O13-C13 -> -46024
A14: 2 | B14: =MONTH(C14) -> 1 | C14: 46027 | D14: 남 | E14: 김승정 | F14: 741229-1 | G14: 응급입원 | H14: 정신 | I14: 은평병원 | J14: 조국일 | K14: 조국일 | L14: 조현병 | M14: 입원중 | N14: =O14-C14 -> -46027
A15: 4 | B15: =MONTH(C15) -> 1 | C15: 46029 | D15: 남 | E15: 김남수 | F15: 670207-1 | G15: 자의입원 | H15: 알코올 | I15: 라엘정신건강의학과 | J15: 임종혁 | K15: 임종혁 | L15: 알코올의존 | M15: 입원중 | N15: =O15-C15 -> -46029
A16: 5 | B16: =MONTH(C16) -> 1 | C16: 46029 | D16: 남 | E16: 서교순 | F16: 620706-1 | G16: 자의입원 | H16: 알코올 | I16: 라엘정신건강의학과 | J16: 임종혁 | K16: 마명철 | L16: 알코올의존 | M16: 입원중 | N16: =O16-C16 -> -46029
A17: 6 | B17: =MONTH(C17) -> 1 | C17: 46029 | D17: 남 | E17: 박정열 | F17: 601125-1 | G17: 자의입원 | H17: 알코올 | I17: 해상병원 | J17: 조국일 | K17: 조국일 | L17: 알코올의존 | M17: 입원중 | N17: =O17-C17 -> -46029
A18: 7 | B18: =MONTH(C18) -> 1 | C18: 46030 | D18: 여 | E18: 이형주 | F18: 700909-2 | G18: 보호진단 | H18: 정신 | I18: 백암병원 | J18: 안영호 | K18: 최리선 | L18: 조현병 | M18: 입원중 | N18: =O18-C18 -> -46030
A19: 9 | B19: =MONTH(C19) -> 1 | C19: 46035 | D19: 남 | E19: 정재창 | F19: 670807-1 | G19: 보호진단 | H19: 알코올 | I19: 김포다은병원 | J19: 최리선 | K19: 최리선 | L19: 알코올의존 | M19: 입원중 | N19: =O19-C19 -> -46035
A20: 13 | B20: =MONTH(C20) -> 1 | C20: 46042 | D20: 남 | E20: 정기풍 | F20: 760320-1 | G20: 응급입원 | H20: 알코올 | I20: 라엘마음병원 | J20: 안영호 | K20: 안영호 | L20: 알코올의존 | M20: 입원중 | N20: =O20-C20 -> -46042
A21: 16 | B21: =MONTH(C21) -> 1 | C21: 46048 | D21: 남 | E21: 문정호 | F21: 820818-1 | G21: 응급입원 | H21: 정신 | I21: 동안성병원 | J21: 안영호 | K21: 조국일 | L21: 조현병, 알코올의존 | M21: 입원중 | N21: =O21-C21 -> -46048
A22: 25 | B22: =MONTH(C22) -> 1 | C22: 46049 | D22: 남 | E22: 양인수 | F22: 740518-1 | G22: 응급입원 | H22: 알코올 | I22: 라엘마음병원 | J22: 안영호 | K22: 조국일 | L22: 알코올의존 | M22: 입원중 | N22: =O22-C22 -> -46049
A23: 17 | B23: =MONTH(C23) -> 1 | C23: 46050 | D23: 남 | E23: 최종은 | F23: 690301-1 | G23: 보호진단 | H23: 알코올 | I23: 도은병원 | J23: 김영민 | K23: 김영민 | L23: 알코올의존 | M23: 입원중 | N23: =O23-C23 -> -46050
A24: 18 | B24: =MONTH(C24) -> 1 | C24: 46050 | D24: 남 | E24: 손성호 | F24: 710515-1 | G24: 자의입원 | H24: 정신 | I24: 도은병원 | J24: 임종혁 | L24: 조현병, 알코올의존 | M24: 입원중 | N24: =O24-C24 -> -46050
A25: 19 | B25: =MONTH(C25) -> 1 | C25: 46050 | D25: 남 | E25: 홍순창 | F25: 680824-1 | G25: 보호진단 | H25: 알코올 | I25: 라엘마음병원 | J25: 최리선 | K25: 박상준 | L25: 알코올의존 | M25: 입원중 | N25: =O25-C25 -> -46050
A26: 20 | B26: =MONTH(C26) -> 1 | C26: 46050 | D26: 남 | E26: 김범준 | F26: 740826-1 | G26: 자의입원 | H26: 알코올 | I26: 라엘정신건강의학과 | J26: 임종혁 | L26: 알코올의존 | M26: 입원중 | N26: =O26-C26 -> -46050
A27: 21 | B27: =MONTH(C27) -> 1 | C27: 46052 | D27: 남 | E27: 이세일 | F27: 760216-1 | G27: 응급입원 | H27: 알코올 | I27: 라엘마음병원 | J27: 김영민 | K27: 김영민 | L27: 우울증, 알코올의존 | M27: 입원중 | N27: =O27-C27 -> -46052
A28: 23 | B28: =MONTH(C28) -> 1 | C28: 46052 | D28: 남 | E28: 안귀봉 | F28: 690921-1 | G28: 보호진단 | H28: 알코올 | I28: 해상병원 | J28: 임종혁 | K28: 임종혁 | L28: 알코올의존, r/o인지장애 | M28: 입원중 | N28: =O28-C28 -> -46052
A29: 24 | B29: =MONTH(C29) -> 1 | C29: 46052 | D29: 남 | E29: 김영교 | F29: 760116-1 | G29: 보호진단 | H29: 알코올 | I29: 해상병원 | J29: 임종혁 | K29: 임종혁 | L29: 알코올의존, r/o인지장애 | M29: 입원중 | N29: =O29-C29 -> -46052
A30: 27 | B30: =MONTH(C30) -> 1 | C30: 46053 | D30: 남 | E30: 이재훈 | F30: 961214-1 | G30: 응급입원 | H30: 정신 | I30: 마인드웰병원 | J30: 김영민 | K30: 김영민 | L30: 조현병 | M30: 입원중 | N30: =O30-C30 -> -46053
A31: 26 | B31: =MONTH(C31) -> 2 | C31: 46056 | D31: 남 | E31: 최성웅 | F31: 830701-1 | G31: 자의입원 | H31: 정신 | I31: 축령병원 | J31: 안영호 | K31: 안영호 | L31: 조현성 성격장애, 강박 및 불안장애 | M31: 입원중 | N31: =O31-C31 -> -46056
A32: 28 | B32: =MONTH(C32) -> 2 | C32: 46056 | D32: 여 | E32: 류혜린 | F32: 951103-2 | G32: 보호입원 | H32: 정신 | I32: 백암병원 | J32: 김영민 | K32: 김영민 | L32: 조현병 | M32: 입원중 | N32: =O32-C32 -> -46056
A33: 29 | B33: =MONTH(C33) -> 2 | C33: 46058 | D33: 남 | E33: 정연권 | F33: 731220-1 | G33: 자의입원 | H33: 알코올 | I33: 백암병원 | J33: 최리선 | K33: 최리선 | L33: 알코올의존 | M33: 입원중 | N33: =O33-C33 -> -46058
A34: 31 | B34: =MONTH(C34) -> 2 | C34: 46059 | D34: 남 | E34: 김봉찬 | F34: 720523-1 | G34: 자의입원 | H34: 알코올 | I34: 백암병원 | J34: 안영호 | L34: 알코올의존 | M34: 입원중 | N34: =O34-C34 -> -46059
A35: 32 | B35: =MONTH(C35) -> 2 | C35: 46059 | D35: 남 | E35: 김성은 | F35: 710713-1 | G35: 응급입원 | H35: 알코올 | I35: 해상병원 | J35: 임종혁 | K35: 쪽방상담소 | L35: 알코올의존, 우울 | M35: 입원중 | N35: =O35-C35 -> -46059
A36: 34 | B36: =MONTH(C36) -> 2 | C36: 46063 | D36: 남 | E36: 김장남 | F36: 630824-1 | G36: 응급입원 | H36: 알코올 | I36: 김포다은병원 | J36: 마명철 | K36: 지정필요 | L36: 알코올의존, 행동장애 | M36: 입원중 | N36: =O36-C36 -> -46063
A37: 35 | B37: =MONTH(C37) -> 2 | C37: 46064 | D37: 남 | E37: 김종수 | F37: 730311-1 | G37: 응급입원 | H37: 알코올 | I37: 라엘마음병원 | J37: 안영호 | L37: 알코올의존 | M37: 입원중 | N37: =O37-C37 -> -46064
A38: 36 | B38: =MONTH(C38) -> 2 | C38: 46066 | D38: 남 | E38: 양준호 | F38: 571018-1 | G38: 자의입원 | H38: 정신 | I38: 해상병원 | J38: 임종혁 | K38: 보호자 有 | L38: 조현정동장애 | M38: 입원중 | N38: =O38-C38 -> -46066
A39: 38 | B39: =MONTH(C39) -> 2 | C39: 46072 | D39: 남 | E39: 최해환 | F39: 070621-1 | G39: 응급입원 | H39: 정신 | I39: 김포다은병원 | J39: 임종혁 | K39: 보호자 有 | L39: 발달장애(자폐) | M39: 입원중 | N39: =O39-C39 -> -46072
A40: 37 | B40: =MONTH(C40) -> 2 | C40: 46073 | D40: 남 | E40: 이정연 | F40: 690122-1 | G40: 자의입원 | H40: 정신 | I40: 해상병원 | J40: 임종혁 | K40: 임종혁 | L40: 조현병 | M40: 입원중 | N40: =O40-C40 -> -46073
A41: 39 | B41: =MONTH(C41) -> 2 | C41: 46076 | D41: 여 | E41: 김성미 | F41: 690422-2 | G41: 보호진단 | H41: 알코올 | I41: 해상병원 | J41: 임종혁 | K41: 보호자 有 | L41: 알코올의존, 알코올성치매 | M41: 입원중 | N41: =O41-C41 -> -46076
A42: 42 | B42: =MONTH(C42) -> 2 | C42: 46076 | D42: 남 | E42: 김동일 | F42: 610413-1 | G42: 자의입원 | H42: 알코올 | I42: 백암병원 | J42: 최리선 | L42: 알코올의존 | M42: 입원중 | N42: =O42-C42 -> -46076
A43: 40 | B43: =MONTH(C43) -> 2 | C43: 46077 | D43: 남 | E43: 장오형 | F43: 811117-1 | G43: 자의입원 | H43: 알코올 | I43: 해상병원 | J43: 안영호 | L43: 알코올의존 | M43: 입원중 | N43: =O43-C43 -> -46077
A44: 41 | B44: =MONTH(C44) -> 2 | C44: 46078 | D44: 남 | E44: 강태훈 | F44: 940925-1 | G44: 자의입원 | H44: 정신 | I44: 은평병원 | J44: 최리선 | L44: 조현병 | M44: 입원중 | N44: =O44-C44 -> -46078
A45: 43 | B45: =MONTH(C45) -> 3 | C45: 46085 | D45: 남 | E45: 황정순 | F45: 580110-1 | G45: 자의입원 | H45: 알코올 | I45: 백암병원 | J45: 마명철 | L45: 알코올의존, 기억력장애 | M45: 입원중 | N45: =O45-C45 -> -46085
A46: 44 | B46: =MONTH(C46) -> 3 | C46: 46085 | D46: 남 | E46: 유철훈 | F46: 820806-1 | G46: 자의입원 | H46: 알코올 | I46: 동부시립병원 해독센터 | J46: 안영호 | L46: 알코올의존 | M46: 입원중 | N46: =O46-C46 -> -46085
A47: 45 | B47: =MONTH(C47) -> 3 | C47: 46085 | D47: 남 | E47: 전찬우 | F47: 850215-1 | G47: 자의입원 | H47: 정신 | I47: 백암병원 | J47: 최리선 | L47: 조현병 | M47: 입원중 | N47: =O47-C47 -> -46085
A48: 46 | B48: =MONTH(C48) -> 3 | C48: 46086 | D48: 남 | E48: 임종배 | F48: 810515-1 | G48: 보호진단 | H48: 알코올 | I48: 도은병원 | J48: 안영호 | L48: 알코올의존,우울증,자살시도 | M48: 입원중 | N48: =O48-C48 -> -46086
A49: 49 | B49: =MONTH(C49) -> 3 | C49: 46086 | D49: 남 | E49: 정흥우 | F49: 790716-1 | G49: 자의입원 | H49: 알코올 | I49: 라엘정신건강의학과 | J49: 임종혁 | K49: 지원주택 | L49: 알코올의존 | M49: 입원중 | N49: =O49-C49 -> -46086
A50: 47 | B50: =MONTH(C50) -> 3 | C50: 46087 | D50: 남 | E50: 이승철 | F50: 730301-1 | G50: 자의입원 | H50: 알코올 | I50: 동부병원 | J50: 조국일 | L50: 알코올의존 | M50: 입원중 | N50: =O50-C50 -> -46087
A51: 51 | B51: =MONTH(C51) -> 3 | C51: 46091 | D51: 여 | E51: 김순자 | F51: 601120-2 | G51: 응급입원 | H51: 정신 | I51: 성지병원 | J51: 임종혁 | K51: 브릿지 | L51: 조현병 | M51: 입원중 | N51: =O51-C51 -> -46091
A52: 50 | B52: =MONTH(C52) -> 3 | C52: 46092 | D52: 남 | E52: 임규설 | F52: 640909-1 | G52: 보호진단 | H52: 정신 | I52: 라엘마음병원 | J52: 안영호 | L52: 조현병 | M52: 입원중 | N52: =O52-C52 -> -46092
A53: 52 | B53: =MONTH(C53) -> 3 | C53: 46094 | D53: 남 | E53: 안영상 | F53: 950419-1 | G53: 응급입원 | H53: 정신 | I53: 해상병원 | J53: 임종혁 | L53: 조울증, 자살사고 | M53: 입원중 | N53: =O53-C53 -> -46094
A54: 53 | B54: =MONTH(C54) -> 3 | C54: 46097 | D54: 남 | E54: 강진원 | F54: 990728-1 | G54: 응급입원 | H54: 정신 | I54: 김포다은병원 | J54: 임종혁 | L54: r/o 조현병, 지적장애 | M54: 입원중 | N54: =O54-C54 -> -46097
A55: 54 | B55: =MONTH(C55) -> 3 | C55: 46099 | D55: 남 | E55: 김지인 | F55: 910222-1 | G55: 자의입원 | H55: 정신 | I55: 서울의료원 | J55: 김영민 | K55: 김영민 | L55: 조현병 | M55: 입원중 | N55: =O55-C55 -> -46099 | S55: 타원 전원 예정
A56: 55 | B56: =MONTH(C56) -> 12 | N56: =O56-C56 -> 0
A57: 56 | B57: =MONTH(C57) -> 12 | N57: =O57-C57 -> 0
A58: 57 | B58: =MONTH(C58) -> 12 | N58: =O58-C58 -> 0
A59: 58 | B59: =MONTH(C59) -> 12 | N59: =O59-C59 -> 0
A60: 59 | B60: =MONTH(C60) -> 12 | N60: =O60-C60 -> 0
A61: 60 | B61: =MONTH(C61) -> 12 | N61: =O61-C61 -> 0
A62: 61 | B62: =MONTH(C62) -> 12 | N62: =O62-C62 -> 0
A63: 62 | B63: =MONTH(C63) -> 12 | N63: =O63-C63 -> 0
A64: 63 | B64: =MONTH(C64) -> 12 | N64: =O64-C64 -> 0
A65: 64 | B65: =MONTH(C65) -> 12 | N65: =O65-C65 -> 0
A66: 65 | B66: =MONTH(C66) -> 12 | N66: =O66-C66 -> 0
A67: 66 | B67: =MONTH(C67) -> 12 | N67: =O67-C67 -> 0
... A300: 299 | B300: =MONTH(C300) -> 12 | N300: =O300-C300 -> 0
A301: 300
A302: 301
A303: 302
A304: 303
A305: 304
A306: 305
A307: 306
A308: 307
A309: 308
A310: 309
A311: 310
A312: 311
... A370: 369

Sheet 정신과외 입원
A1: 연번 | B1: 날짜 | C1: 이름 | D1: 생년월일 | E1: 병원 | F1: 과목 | G1: 담당 | H1: 현재상황 | I1: 비고
A2: 1 | B2: 46034 | C2: 손경희 | D2: 650503-2 | E2: 동부병원 | F2: 내과 | G2: 박상준 | H2: 당뇨
A3: 2 | B3: 46057 | C3: 신현철 | D3: 530811-1 | E3: 김포한강요양병원 | F3: 내과 | G3: 김영민 | H3: 전신쇠약
A4: 3 | B4: 46059 | C4: 김태승 | D4: 790224-1 | E4: 적십자병원 | F4: 내과 | G4: 안영호 | H4: 구역,구토 등 위장장애 | I4: 2/13 퇴원
A5: 4 | B5: 46058 | C5: 고인식 | D5: 670613-1 | E5: 적십자병원 | F5: 내과 | G5: 임종혁 | H5: 고열, 호흡곤란
A6: 5 | B6: 46063 | C6: 손경희 | D6: 650503-2 | E6: 동부병원 | F6: 안과 | G6: 박상준 | H6: 백내장
A7: 6 | B7: 46087 | C7: 이우현 | D7: 680820-1 | E7: 오창호수병원 | F7: 내과 | G7: 안영호 | H7: 금단, 전신쇠약 등
A8: 7
A9: 8
A10: 9
A11: 10
A12: 11
A13: 12
A14: 13
A15: 14
A16: 15
A17: 16
A18: 17
A19: 18
... A73: 72

Sheet 시설입소현황
A1: 연번 | B1: 월 | C1: 날짜 | D1: 대상자명 | E1: 주민번호 | G1: 질환명 | H1: 담당자 | I1: 진단명 | J1: 종류 | K1: 입퇴소여부 | L1: 입소기간 | M1: 퇴소일 | N1: 퇴소후 조치 | O1: 입소확인일 | P1: 비고
A2: 1 | B2: =MONTH(C2) -> 1 | C2: 46024 | D2: 배경훈 | E2: 680610-1 | F2: 늘푸른자활의집 | G2: 알코올 | H2: 조국일 | I2: 알코올의존 | J2: 재활시설 | K2: 입소
A3: 4 | B3: =month(C3) -> 1 | C3: 46027 | D3: 김철희 | E3: 691029-1 | F3: 송파 마천 지원주택 | G3: 정신 | H3: 임종혁 | I3: 우울증 | J3: 지원주택 | K3: 입소
A4: 5 | B4: =month(C4) -> 1 | C4: 46028 | D4: 정우승 | E4: 820222-1 | F4: 구로 고척 지원주택 | G4: 정신 | H4: 임종혁 | I4: 우울증, 강박장애 | J4: 지원주택 | K4: 입소
A5: 3 | B5: =month(C5) -> 1 | C5: 46029 | D5: 박은주 | E5: 700606-2 | F5: 구로구 부일로 지원주택 | G5: 정신 | H5: 안영호 | I5: 단순형조현병 | J5: 지원주택 | K5: 입소
A6: 21 | B6: =month(C6) -> 1 | C6: 46030 | D6: 김성철 | E6: 720914-1 | F6: 구로 고척 지원주택 | G6: 정신 | H6: 김영민 | I6: 우울에피소드 | J6: 지원주택 | K6: 입소
A7: 19 | B7: =month(C7) -> 1 | C7: 46035 | D7: 오민규 | E7: 920724-1 | F7: 구로 부일 지원주택 | G7: 정신 | H7: 김영민 | I7: 도박 | J7: 지원주택 | K7: 입소
A8: 2 | B8: =month(C8) -> 1 | C8: 46037 | D8: 김공명 | E8: 830909-1 | F8: 송파구 마천로 지원주택 | G8: 정신 | H8: 안영호 | I8: 양극성장애 2형 | J8: 지원주택 | K8: 입소
A9: 6 | B9: =month(C9) -> 1 | C9: 46041 | D9: 김수한 | E9: 700609-1 | F9: 구로 경서 지원주택 | G9: 정신 | H9: 임종혁 | I9: 우울증 | J9: 지원주택 | K9: 입소
A10: 7 | B10: =month(C10) -> 1 | C10: 46041 | D10: 서순 | E10: 610102-1 | F10: 송파 마천 지원주택 | G10: 알코올 | H10: 임종혁 | I10: 알코올의존 | J10: 지원주택 | K10: 입소
A11: 8 | B11: =month(C11) -> 1 | C11: 46041 | D11: 조현종 | E11: 610926-1 | F11: 송파 마천 지원주택 | G11: 정신 | H11: 임종혁 | I11: 우울증 | J11: 지원주택 | K11: 입소
A12: 9 | B12: =month(C12) -> 1 | C12: 46041 | D12: 박해은 | E12: 620505-1 | F12: 송파 마천 지원주택 | G12: 알코올 | H12: 임종혁 | I12: 알코올의존 | J12: 지원주택 | K12: 입소
A13: 10 | B13: =month(C13) -> 1 | C13: 46041 | D13: 신현미 | E13: 771005-2 | F13: 동작 사당 지원주택 | G13: 정신 | H13: 임종혁 | I13: 우울증 | J13: 지원주택 | K13: 입소
A14: 11 | B14: =month(C14) -> 1 | C14: 46042 | D14: 정순일 | E14: 740828-1 | F14: 구로 부일 지원주택 | G14: 정신 | H14: 임종혁 | I14: 양극성장애 | J14: 지원주택 | K14: 입소
... A33: 31 | B33: =month(C33) -> 3 | C33: 46094 | D33: 최민혁 | E33: 980421-1 | F33: 송파 성내천로 지원주택 | G33: 정신 | H33: 임종혁 | I33: 조현병 | J33: 지원주택 | K33: 입소
A34: 32 | B34: =month(C34) -> 12
A35: 33 | B35: =month(C35) -> 12
A36: 34 | B36: =month(C36) -> 12 | U36: km
A37: 35 | B37: =month(C37) -> 12
A38: 36 | B38: =month(C38) -> 12
A39: 37 | B39: =month(C39) -> 12
A40: 38 | B40: =month(C40) -> 12
A41: 39 | B41: =month(C41) -> 12
A42: 40 | B42: =month(C42) -> 12
A43: 42 | B43: =month(C43) -> 12
A44: 45 | B44: =month(C44) -> 12
A45: 43 | B45: =month(C45) -> 12
A46: 44 | B46: =month(C46) -> 12
A47: 46 | B47: =month(C47) -> 12
A48: 47 | B48: =month(C48) -> 12
... A301: 300 | B301: =month(C301) -> 12

Sheet 사망자현황
A1: 연번 | B1: 성별 | C1: 성명 | D1: 생년월일 | E1: 사망일자 | F1: 사망장소 | G1: 상세사망장소 | H1: 사망원인 | I1: 상세사망원인 | J1: 담당자 | K1: 후속조치
A2: 1 | B2: 남 | C2: 서길환 | D2: 630921-1 | E2: 46030 | F2: 병원 | G2: 라엘마음병원 | H2: 질병 | I2: 미상 | J2: 조국일 | K2: 명지병원 후송 후 가족 확인, 거부에 따른 무연고 장례
A3: 2
A4: 3
A5: 4
A6: 5
A7: 6
A8: 7
A9: 8
A10: 9
A11: 10
A12: 11
A13: 12
A14: 13
... A95: 94

Sheet 연계대장
A1: 1 | D1: =D323=#REF! -> #REF!
A2: 정신건강팀 연계대장(순서 : 안-박-최-김, 부재시 팀장님)
A3: 연계내용 | I3: 노숙인 인적사항 | N3: 조치내용
A4: 연번 | B4: 월 | C4: 주 | D4: 날짜 | E4: 내방경위 | F4: 의뢰처 | G4: 의뢰자 | H4: 접수자 | I4: 구분 | J4: 이름 | K4: 생년월일 | L4: 성별 | M4: 질환구분 | N4: 요청사항 | O4: 개입여부 | P4: 개입결과 | Q4: 개입내용
A5: 1 | B5: =MONTH(D5) -> 1 | C5: =WEEKNUM(D5,2)-WEEKNUM(DATE(YEAR(D5),MONTH(D5),1),2) -> 0 | D5: 46024 | E5: 노숙인방문 | F5: 현장대응팀 | G5: 신형석 | H5: 안영호 | I5: 노숙인 | J5: 신진용 | K5: 680525 | L5: 남 | M5: 정신 | N5: 증상평가 | O5: 미조치 | P5: 정보제공 | Q5: 임시주거 안내, 과도한 요구를 하여 다시 생각해 보고 오시도록 권유
A6: 2 | B6: =MONTH(D6) -> 1 | C6: =WEEKNUM(D6,2)-WEEKNUM(DATE(YEAR(D6),MONTH(D6),1),2) -> 1 | D6: 46027 | E6: 노숙인방문 | F6: 운영지원팀 | G6: 오강현 | H6: 박상준 | I6: 노숙인 | J6: 한지웅 | K6: 990926 | L6: 남 | M6: 정신 | N6: 진료지원 | O6: 조치 | P6: 외래진료 | Q6: 노정신과 진료의뢰 연계
A7: 3 | B7: =MONTH(D7) -> 1 | C7: =WEEKNUM(D7,2)-WEEKNUM(DATE(YEAR(D7),MONTH(D7),1),2) -> 1 | D7: 46028 | E7: 노숙인방문 | F7: 현장대응팀 | G7: 신형석 | H7: 박상준 | I7: 노숙인 | J7: 손경희 | K7: 650503 | L7: 여 | M7: 정신 | N7: 사례개입 | O7: 조치 | P7: 기타 | Q7: 말소복원 및 병원진료, 시설입소 연계 예정/ 신원이 나오지않아 십지문조회중
A8: 4 | B8: =MONTH(D8) -> 1 | C8: =WEEKNUM(D8,2)-WEEKNUM(DATE(YEAR(D8),MONTH(D8),1),2) -> 1 | D8: 46029 | E8: 노숙인방문 | F8: 현장대응팀 | G8: 유혜린 | H8: 김영민 | I8: 노숙인 | J8: 유혜린 | K8: 951103 | L8: 여 | M8: 정신 | N8: 사례개입 | O8: 조치 | P8: 기타 | Q8: MSE/입원치료를 목표로 개입 예정
A9: 5 | B9: =MONTH(D9) -> 1 | C9: =WEEKNUM(D9,2)-WEEKNUM(DATE(YEAR(D9),MONTH(D9),1),2) -> 1 | D9: 46029 | E9: 노숙인방문 | F9: 현장대응팀 | G9: 김수진 | H9: 조국일 | I9: 노숙인 | J9: 신용훈 | K9: 991018 | L9: 남 | M9: 정신 | N9: 사례개입 | O9: 미조치 | P9: 정보제공 | Q9: MSE/개입계획수립 예정/음압실 보호-> 대구로 범죄 조사 받으러 귀가
A10: 6 | B10: =MONTH(D10) -> 1 | C10: =WEEKNUM(D10,2)-WEEKNUM(DATE(YEAR(D10),MONTH(D10),1),2) -> 1 | D10: 46029 | E10: 노숙인방문 | F10: 현장대응팀 | G10: 김인범 | H10: 조국일 | I10: 노숙인 | J10: 박정열 | K10: 601125 | L10: 남 | M10: 알코올 | N10: 사례개입 | O10: 조치 | P10: 입원연계 | Q10: 해상병원 입원 연계
A11: 7 | B11: =MONTH(D11) -> 1 | C11: =WEEKNUM(D11,2)-WEEKNUM(DATE(YEAR(D11),MONTH(D11),1),2) -> 1 | D11: 46027 | E11: 구청 등 유관기관 | F11: 남대문경찰서 | G11: 형사과 | H11: 조국일 | I11: 노숙인 | J11: 김승정 | K11: 741229 | L11: 남 | M11: 정신 | N11: 사례개입 | O11: 조치 | P11: 입원연계 | Q11: 은평병원 응급입원 진행
A12: 8 | B12: =MONTH(D12) -> 1 | C12: =WEEKNUM(D12,2)-WEEKNUM(DATE(YEAR(D12),MONTH(D12),1),2) -> 2 | D12: 46034 | E12: 노숙인방문 | F12: 운영지원팀 | G12: 유태성 | H12: 조국일 | I12: 노숙인 | J12: 길성종 | K12: 750723 | L12: 남 | M12: 알코올 | N12: 사례개입 | O12: 조치 | P12: 주거지원 | Q12: 주거지원 후 외래진료, 사례관리 진행 예정
A13: 9 | B13: =MONTH(D13) -> 1 | C13: =WEEKNUM(D13,2)-WEEKNUM(DATE(YEAR(D13),MONTH(D13),1),2) -> 2 | D13: 46034 | E13: 노숙인방문 | F13: 현장대응팀 | G13: 신형석 | H13: 김영민 | I13: 노숙인 | J13: 라강열 | K13: 630102 | L13: 남 | M13: 정신 | N13: 사례개입 | O13: 조치 | P13: 주거지원 | Q13: MSE/개입계획수립 후 말소복원 및 주거지원 예정
A14: 10 | B14: =MONTH(D14) -> 1 | C14: =WEEKNUM(D14,2)-WEEKNUM(DATE(YEAR(D14),MONTH(D14),1),2) -> 3 | D14: 46044 | E14: 노숙인방문 | F14: 현장대응팀 | G14: 신형석 | H14: 안영호 | I14: 신규 | J14: 우영식 | K14: 720720 | L14: 남 | M14: 정신 | N14: 증상평가 | O14: 조치 | P14: 정보제공 | Q14: MSE/ 주소지 주민센터 긴급지원 및 수급상담 안내
A15: 11 | B15: =MONTH(D15) -> 1 | C15: =WEEKNUM(D15,2)-WEEKNUM(DATE(YEAR(D15),MONTH(D15),1),2) -> 4 | D15: 46049 | E15: 노숙인방문 | F15: 현장대응팀 | G15: 신형석 | H15: 조국일 | I15: 신규 | J15: 이재섭 | K15: 600118 | L15: 남 | M15: 정신 | N15: 사례개입 | O15: 조치 | P15: 주거지원 | Q15: 주거지원 후 외래진료, 사례관리 진행 예정
A16: 12 | B16: =MONTH(D16) -> 1 | C16: =WEEKNUM(D16,2)-WEEKNUM(DATE(YEAR(D16),MONTH(D16),1),2) -> 4 | D16: 46049 | E16: 노숙인방문 | F16: 현장대응팀 | G16: 김수진 | H16: 조국일 | I16: 신규 | J16: 송수복 | K16: 571011 | L16: 남 | M16: 정신 | N16: 사례개입 | O16: 조치 | P16: 주거지원 | Q16: 주거지원 후 외래진료, 사례관리 진행 예정
... A30: 26 | B30: =MONTH(D30) -> 2 | C30: =WEEKNUM(D30,2)-WEEKNUM(DATE(YEAR(D30),MONTH(D30),1),2) -> 4 | D30: 46076 | E30: 노숙인방문 | F30: 운영지원팀 | G30: 오강현 | H30: 박상준 | I30: 노숙인 | J30: 강은구 | K30: 991005 | L30: 남 | M30: 정신 | N30: 증상평가 | O30: 조치 | P30: 외래진료 | Q30: 외래진료
A31: 27 | B31: =MONTH(D31) -> 2 | C31: =WEEKNUM(D31,2)-WEEKNUM(DATE(YEAR(D31),MONTH(D31),1),2) -> 4 | D31: 46076 | E31: 노숙인방문 | F31: 현장대응팀 | H31: 안영호 | I31: 신규 | J31: 강구관 | K31: 810424 | L31: 남 | M31: 알코올 | N31: 증상평가 | O31: 미조치 | P31: 기타 | Q31: mse, 현장진료 연계 후 임시주거 지원 여부 결정 예정
A32: 28 | B32: =MONTH(D32) -> 2 | C32: =WEEKNUM(D32,2)-WEEKNUM(DATE(YEAR(D32),MONTH(D32),1),2) -> 4 | D32: 46078 | E32: 노숙인방문 | F32: 현장대응팀 | G32: 김인범 | H32: 최리선 | I32: 노숙인 | J32: 정정원 | K32: 680719 | L32: 남 | M32: 알코올 | N32: 사례개입 | O32: 미조치 | P32: 정보제공 | Q32: 상담 후 고민해보고 재방문하기로 함.
A33: 29 | B33: =MONTH(D33) -> 2 | C33: =WEEKNUM(D33,2)-WEEKNUM(DATE(YEAR(D33),MONTH(D33),1),2) -> 4 | D33: 46078 | E33: 노숙인방문 | F33: 운영지원팀 | G33: 오강현 | H33: 안영호 | I33: 신규 | J33: 유영철 | K33: 680731 | L33: 남 | M33: 정신 | N33: 증상평가 | O33: 조치 | P33: 외래진료 | Q33: MSE, 외래진료 연계 후 임시주거 지원 여부 결정 예정
A34: 30 | B34: =MONTH(D34) -> 2 | C34: =WEEKNUM(D34,2)-WEEKNUM(DATE(YEAR(D34),MONTH(D34),1),2) -> 4 | D34: 46080 | E34: 구청 등 유관기관 | F34: 서울의료원 공공실 | G34: 김민선 | H34: 김영민 | I34: 신규 | J34: 김지인 | K34: 910222 | L34: 남 | M34: 정신 | N34: 증상평가 | O34: 미조치 | P34: 이탈 | Q34: 2026.03.16 서울의료원 행정입원 해제, 비전 연계 시도하였으나 변심하여 이탈함
A35: 31 | B35: =MONTH(D35) -> 2 | C35: =WEEKNUM(D35,2)-WEEKNUM(DATE(YEAR(D35),MONTH(D35),1),2) -> 4 | D35: 46081 | E35: 위기대응콜 | F35: 현장보호팀 | G35: 최락주 | H35: 최리선 | I35: 신규 | J35: 전찬우 | K35: 850215 | L35: 남 | M35: 정신 | N35: 사례개입 | O35: 조치 | P35: 입원연계 | Q35: 자의입원
A36: 32 | B36: =MONTH(D36) -> 3 | C36: =WEEKNUM(D36,2)-WEEKNUM(DATE(YEAR(D36),MONTH(D36),1),2) -> 1 | D36: 46084 | E36: 노숙인방문 | F36: 운영지원팀 | G36: 유태성 | H36: 최리선 | I36: 노숙인 | J36: 노신근 | K36: 680121 | L36: 남 | M36: 정신 | N36: 사례개입 | O36: 조치 | P36: 외래진료 | Q36: 외래진료
A37: 33 | B37: =MONTH(D37) -> 3 | C37: =WEEKNUM(D37,2)-WEEKNUM(DATE(YEAR(D37),MONTH(D37),1),2) -> 1 | D37: 46087 | E37: 노숙인방문 | F37: 현장대응팀 | G37: 김수진 | H37: 조국일 | I37: 노숙인 | J37: 조철형 | K37: 580516 | L37: 남 | M37: 정신 | N37: 사례개입 | Q37: MSE, 외래진료 연계 후 임시주거 지원 여부 결정 예정
A38: 34 | B38: =MONTH(D38) -> 3 | C38: =WEEKNUM(D38,2)-WEEKNUM(DATE(YEAR(D38),MONTH(D38),1),2) -> 2 | D38: 46090 | E38: 노숙인방문 | F38: 현장대응팀 | G38: 김인범 | H38: 박상준 | I38: 노숙인 | J38: 권오준 | K38: 901020 | L38: 남 | M38: 정신 | N38: 사례개입
A39: 35 | B39: =MONTH(D39) -> 3 | C39: =WEEKNUM(D39,2)-WEEKNUM(DATE(YEAR(D39),MONTH(D39),1),2) -> 2 | D39: 46092 | E39: 구청 등 유관기관 | F39: 마인드웰병원 | G39: 이일송 | H39: 김영민 | I39: 신규 | J39: 강민경 | K39: 770403 | L39: 여 | M39: 정신 | N39: 증상평가 | O39: 미조치 | P39: 이탈 | Q39: 퇴원 후 사례관리 계획이었으나 노숙 등록 거부하여 종결함
A40: 36 | B40: =MONTH(D40) -> 3 | C40: =WEEKNUM(D40,2)-WEEKNUM(DATE(YEAR(D40),MONTH(D40),1),2) -> 2 | D40: 46092 | E40: 노숙인방문 | F40: 운영지원팀 | G40: 오강현 | H40: 안영호 | I40: 노숙인 | J40: 마재승 | K40: 970702 | L40: 남 | M40: 정신 | N40: 증상평가 | O40: 조치 | P40: 외래진료 | Q40: mse, 외래 진료 연계 후 임시주거 지원여부 결정 예정
A41: 37 | B41: =MONTH(D41) -> 3 | C41: =WEEKNUM(D41,2)-WEEKNUM(DATE(YEAR(D41),MONTH(D41),1),2) -> 2 | D41: 46093 | E41: 노숙인방문 | F41: 현장대응팀 | G41: 김인범 | H41: 최리선 | I41: 신규 | J41: 박종영 | K41: 701229 | L41: 남 | M41: 알코올 | N41: 사례개입 | O41: 조치 | P41: 주거지원 | Q41: 임시주거지원
A42: 38 | B42: =MONTH(D42) -> 12 | C42: =WEEKNUM(D42,2)-WEEKNUM(DATE(YEAR(D42),MONTH(D42),1),2) -> 5
A43: 39 | B43: =MONTH(D43) -> 12 | C43: =WEEKNUM(D43,2)-WEEKNUM(DATE(YEAR(D43),MONTH(D43),1),2) -> 5
A44: 40 | B44: =MONTH(D44) -> 12 | C44: =WEEKNUM(D44,2)-WEEKNUM(DATE(YEAR(D44),MONTH(D44),1),2) -> 5
A45: 41 | B45: =MONTH(D45) -> 12 | C45: =WEEKNUM(D45,2)-WEEKNUM(DATE(YEAR(D45),MONTH(D45),1),2) -> 5
A46: 42 | B46: =MONTH(D46) -> 12 | C46: =WEEKNUM(D46,2)-WEEKNUM(DATE(YEAR(D46),MONTH(D46),1),2) -> 5
A47: 43 | B47: =MONTH(D47) -> 12 | C47: =WEEKNUM(D47,2)-WEEKNUM(DATE(YEAR(D47),MONTH(D47),1),2) -> 5
A48: 44 | B48: =MONTH(D48) -> 12 | C48: =WEEKNUM(D48,2)-WEEKNUM(DATE(YEAR(D48),MONTH(D48),1),2) -> 5
A49: 45 | B49: =MONTH(D49) -> 12 | C49: =WEEKNUM(D49,2)-WEEKNUM(DATE(YEAR(D49),MONTH(D49),1),2) -> 5
A50: 46 | B50: =MONTH(D50) -> 12 | C50: =WEEKNUM(D50,2)-WEEKNUM(DATE(YEAR(D50),MONTH(D50),1),2) -> 5
A51: 47 | B51: =MONTH(D51) -> 12 | C51: =WEEKNUM(D51,2)-WEEKNUM(DATE(YEAR(D51),MONTH(D51),1),2) -> 5
A52: 48 | B52: =MONTH(D52) -> 12 | C52: =WEEKNUM(D52,2)-WEEKNUM(DATE(YEAR(D52),MONTH(D52),1),2) -> 5
A53: 49 | B53: =MONTH(D53) -> 12 | C53: =WEEKNUM(D53,2)-WEEKNUM(DATE(YEAR(D53),MONTH(D53),1),2) -> 5
... A390: 1 | B390: =MONTH(D390) -> 12 | C390: =WEEKNUM(D390,2)-WEEKNUM(DATE(YEAR(D390),MONTH(D390),1),2) -> 5

Sheet 조치후 사례관리
A1: 월 | B1: 주민등록재발급 | C1: 주민등록복원 | D1: 수급 | E1: 기타 | F1: 귀가
A2: 1 | B2: =COUNTIFS($M$17:$M$149,A2,$E$17:$E$149,"1") -> 5 | C2: =COUNTIFS($M$17:$M$149,A2,$F$17:$F$149,"1") -> 5 | D2: =COUNTIFS($M$17:$M$149,A2,$G$17:$G$149,"1") -> 16 | E2: =COUNTIFS($M$17:$M$149,A2,$H$17:$H$149,"1") -> 11 | F2: =COUNTIFS($M$17:$M$149,A2,$I$17:$I$149,"1") -> 0 | G2: =SUM(B2:F2) -> 37
A3: 2 | B3: =COUNTIFS($M$17:$M$149,A3,$E$17:$E$149,"1") -> 2 | C3: =COUNTIFS($M$17:$M$149,A3,$F$17:$F$149,"1") -> 3 | D3: =COUNTIFS($M$17:$M$149,A3,$G$17:$G$149,"1") -> 10 | E3: =COUNTIFS($M$17:$M$149,A3,$H$17:$H$149,"1") -> 7 | F3: =COUNTIFS($M$17:$M$149,A3,$I$17:$I$149,"1") -> 0 | G3: =SUM(B3:F3) -> 22
A4: 3 | B4: =COUNTIFS($M$17:$M$149,A4,$E$17:$E$149,"1") -> 0 | C4: =COUNTIFS($M$17:$M$149,A4,$F$17:$F$149,"1") -> 2 | D4: =COUNTIFS($M$17:$M$149,A4,$G$17:$G$149,"1") -> 5 | E4: =COUNTIFS($M$17:$M$149,A4,$H$17:$H$149,"1") -> 5 | F4: =COUNTIFS($M$17:$M$149,A4,$I$17:$I$149,"1") -> 0 | G4: =SUM(B4:F4) -> 12
A5: 4 | B5: =COUNTIFS($M$17:$M$149,A5,$E$17:$E$149,"1") -> 0 | C5: =COUNTIFS($M$17:$M$149,A5,$F$17:$F$149,"1") -> 0 | D5: =COUNTIFS($M$17:$M$149,A5,$G$17:$G$149,"1") -> 0 | E5: =COUNTIFS($M$17:$M$149,A5,$H$17:$H$149,"1") -> 0 | F5: =COUNTIFS($M$17:$M$149,A5,$I$17:$I$149,"1") -> 0 | G5: =SUM(B5:F5) -> 0
A6: 5 | B6: =COUNTIFS($M$17:$M$149,A6,$E$17:$E$149,"1") -> 0 | C6: =COUNTIFS($M$17:$M$149,A6,$F$17:$F$149,"1") -> 0 | D6: =COUNTIFS($M$17:$M$149,A6,$G$17:$G$149,"1") -> 0 | E6: =COUNTIFS($M$17:$M$149,A6,$H$17:$H$149,"1") -> 0 | F6: =COUNTIFS($M$17:$M$149,A6,$I$17:$I$149,"1") -> 0 | G6: =SUM(B6:F6) -> 0
A7: 6 | B7: =COUNTIFS($M$17:$M$149,A7,$E$17:$E$149,"1") -> 0 | C7: =COUNTIFS($M$17:$M$149,A7,$F$17:$F$149,"1") -> 0 | D7: =COUNTIFS($M$17:$M$149,A7,$G$17:$G$149,"1") -> 0 | E7: =COUNTIFS($M$17:$M$149,A7,$H$17:$H$149,"1") -> 0 | F7: =COUNTIFS($M$17:$M$149,A7,$I$17:$I$149,"1") -> 0 | G7: =SUM(B7:F7) -> 0
A8: 7 | B8: =COUNTIFS($M$17:$M$149,A8,$E$17:$E$149,"1") -> 0 | C8: =COUNTIFS($M$17:$M$149,A8,$F$17:$F$149,"1") -> 0 | D8: =COUNTIFS($M$17:$M$149,A8,$G$17:$G$149,"1") -> 0 | E8: =COUNTIFS($M$17:$M$149,A8,$H$17:$H$149,"1") -> 0 | F8: =COUNTIFS($M$17:$M$149,A8,$I$17:$I$149,"1") -> 0 | G8: =SUM(B8:F8) -> 0
A9: 8 | B9: =COUNTIFS($M$17:$M$200,A9,$E$17:$E$200,"1") -> 0 | C9: =COUNTIFS($M$17:$M$200,A9,$F$17:$F$200,"1") -> 0 | D9: =COUNTIFS($M$17:$M$200,A9,$G$17:$G$200,"1") -> 0 | E9: =COUNTIFS($M$17:$M$200,A9,$H$17:$H$200,"1") -> 0 | F9: =COUNTIFS($M$17:$M$200,A9,$I$17:$I$200,"1") -> 0 | G9: =SUM(B9:F9) -> 0
A10: 9 | B10: =COUNTIFS($M$17:$M$200,A10,$E$17:$E$200,"1") -> 0 | C10: =COUNTIFS($M$17:$M$200,A10,$F$17:$F$200,"1") -> 0 | D10: =COUNTIFS($M$17:$M$200,A10,$G$17:$G$200,"1") -> 0 | E10: =COUNTIFS($M$17:$M$200,A10,$H$17:$H$200,"1") -> 0 | F10: =COUNTIFS($M$17:$M$200,A10,$I$17:$I$200,"1") -> 0 | G10: =SUM(B10:F10) -> 0
A11: 10 | B11: =COUNTIFS($M$17:$M$200,A11,$E$17:$E$200,"1") -> 0 | C11: =COUNTIFS($M$17:$M$200,A11,$F$17:$F$200,"1") -> 0 | D11: =COUNTIFS($M$17:$M$200,A11,$G$17:$G$200,"1") -> 0 | E11: =COUNTIFS($M$17:$M$200,A11,$H$17:$H$200,"1") -> 0 | F11: =COUNTIFS($M$17:$M$200,A11,$I$17:$I$200,"1") -> 0 | G11: =SUM(B11:F11) -> 0
A12: 11 | B12: =COUNTIFS($M$17:$M$200,A12,$E$17:$E$200,"1") -> 0 | C12: =COUNTIFS($M$17:$M$200,A12,$F$17:$F$200,"1") -> 0 | D12: =COUNTIFS($M$17:$M$200,A12,$G$17:$G$200,"1") -> 0 | E12: =COUNTIFS($M$17:$M$200,A12,$H$17:$H$200,"1") -> 0 | F12: =COUNTIFS($M$17:$M$200,A12,$I$17:$I$200,"1") -> 0 | G12: =SUM(B12:F12) -> 0
A13: 12 | B13: =COUNTIFS($M$17:$M$200,A13,$E$17:$E$200,"1") -> 0 | C13: =COUNTIFS($M$17:$M$200,A13,$F$17:$F$200,"1") -> 0 | D13: =COUNTIFS($M$17:$M$200,A13,$G$17:$G$200,"1") -> 0 | E13: =COUNTIFS($M$17:$M$200,A13,$H$17:$H$200,"1") -> 0 | F13: =COUNTIFS($M$17:$M$200,A13,$I$17:$I$200,"1") -> 0 | G13: =SUM(B13:F13) -> 0
A15: 사례관리
A16: 번호 | B16: 날짜 | C16: 대상자명 | D16: 신청기관 | E16: 주민등록재발급 | F16: 주민등록복원 | G16: 수급지원 | H16: 기타(장애인등록등) | I16: 귀가 | J16: 담당 | K16: 지원시기 | L16: 비고 | M16: 월 | P16: 지원시기별 실적
A17: 1 | B17: 46028 | C17: 손경희 | D17: 북아현동주민센터 | E17: 1 | F17: 1 | J17: 박상준 | K17: 임시주거 중 | L17: 말소복원, 신분증 재발급 | M17: =MONTH(B17) -> 1 | P17: 월 | Q17: 주민등록재발급 | S17: 주민등록복원 | U17: 수급
A18: 2 | B18: 46029 | C18: 김종수 | D18: 남영동주민센터 | F18: 1 | G18: 1 | J18: 안영호 | K18: 임시주거 중 | L18: 말소복원, 수급신청 | M18: =MONTH(B18) -> 1 | Q18: 임시주거 중 | R18: 병원입원 중 | S18: 임시주거 중 | T18: 병원입원 중 | U18: 임시주거 중 | V18: 병원입원 중 | W18: 합계
A19: 3 | B19: 46029 | C19: 장동림 | D19: 중림동주민센터 | E19: 1 | G19: 1 | J19: 안영호 | K19: 임시주거 중 | L19: 수급신청, 신분증재발급 | M19: =MONTH(B19) -> 1 | P19: 1 | Q19: =COUNTIFS($M$17:$M$185,P19,$K$17:$K$185,$Q$18,$E$17:$E$185,"1") -> 4 | R19: =COUNTIFS($M$17:$M$185,P19,$K$17:$K$185,$R$18,$E$17:$E$185,"1") -> 1 | S19: =COUNTIFS($M$17:$M$185,P19,$K$17:$K$185,$S$18,$F$17:$F$185,"1") -> 5 | T19: =COUNTIFS($M$17:$M$185,P19,$K$17:$K$185,$T$18,$F$17:$F$185,"1") -> 0 | U19: =COUNTIFS($M$17:$M$185,P19,$K$17:$K$185,$U$18,$G$17:$G$185,"1") -> 13 | V19: =COUNTIFS($M$17:$M$185,P19,$K$17:$K$185,$V$18,$G$17:$G$185,"1") -> 0
A20: 4 | B20: 46031 | C20: 김영천 | D20: 북아현동주민센터 | G20: 1 | H20: 1 | J20: 임종혁 | L20: 전입, 주거급여신청 | M20: =MONTH(B20) -> 1 | P20: 2 | Q20: =COUNTIFS($M$17:$M$185,P20,$K$17:$K$185,$Q$18,$E$17:$E$185,"1") -> 1 | R20: =COUNTIFS($M$17:$M$185,P20,$K$17:$K$185,$R$18,$E$17:$E$185,"1") -> 0 | S20: =COUNTIFS($M$17:$M$185,P20,$K$17:$K$185,$S$18,$F$17:$F$185,"1") -> 1 | T20: =COUNTIFS($M$17:$M$185,P20,$K$17:$K$185,$T$18,$F$17:$F$185,"1") -> 1 | U20: =COUNTIFS($M$17:$M$185,P20,$K$17:$K$185,$U$18,$G$17:$G$185,"1") -> 8 | V20: =COUNTIFS($M$17:$M$185,P20,$K$17:$K$185,$V$18,$G$17:$G$185,"1") -> 1
A21: 5 | B21: 46034 | C21: 남기삼 | D21: 남영동주민센터 | G21: 1 | J21: 최리선 | K21: 임시주거 중 | M21: =MONTH(B21) -> 1 | P21: 3 | Q21: =COUNTIFS($M$17:$M$185,P21,$K$17:$K$185,$Q$18,$E$17:$E$185,"1") -> 0 | R21: =COUNTIFS($M$17:$M$185,P21,$K$17:$K$185,$R$18,$E$17:$E$185,"1") -> 0 | S21: =COUNTIFS($M$17:$M$185,P21,$K$17:$K$185,$S$18,$F$17:$F$185,"1") -> 1 | T21: =COUNTIFS($M$17:$M$185,P21,$K$17:$K$185,$T$18,$F$17:$F$185,"1") -> 0 | U21: =COUNTIFS($M$17:$M$185,P21,$K$17:$K$185,$U$18,$G$17:$G$185,"1") -> 4 | V21: =COUNTIFS($M$17:$M$185,P21,$K$17:$K$185,$V$18,$G$17:$G$185,"1") -> 1
A22: 6 | B22: 46036 | C22: 라강열 | D22: 남영동주민센터 | E22: 1 | F22: 1 | G22: 1 | K22: 임시주거 중 | L22: 말소복원, 신분증 재발급, 수급신청, 전입 | M22: =MONTH(B22) -> 1 | P22: 4 | Q22: =COUNTIFS($M$17:$M$185,P22,$K$17:$K$185,$Q$18,$E$17:$E$185,"1") -> 0 | R22: =COUNTIFS($M$17:$M$185,P22,$K$17:$K$185,$R$18,$E$17:$E$185,"1") -> 0 | S22: =COUNTIFS($M$17:$M$185,P22,$K$17:$K$185,$S$18,$F$17:$F$185,"1") -> 0 | T22: =COUNTIFS($M$17:$M$185,P22,$K$17:$K$185,$T$18,$F$17:$F$185,"1") -> 0 | U22: =COUNTIFS($M$17:$M$185,P22,$K$17:$K$185,$U$18,$G$17:$G$185,"1") -> 0 | V22: =COUNTIFS($M$17:$M$185,P22,$K$17:$K$185,$V$18,$G$17:$G$185,"1") -> 0
A23: 7 | B23: 46042 | C23: 김승미 | D23: 중림동주민센터 | G23: 1 | H23: 1 | J23: 임종혁 | K23: 임시주거 중 | L23: 수급신청, 긴급생계비 신청 | M23: =MONTH(B23) -> 1 | P23: 5 | Q23: =COUNTIFS($M$17:$M$185,P23,$K$17:$K$185,$Q$18,$E$17:$E$185,"1") -> 0 | R23: =COUNTIFS($M$17:$M$185,P23,$K$17:$K$185,$R$18,$E$17:$E$185,"1") -> 0 | S23: =COUNTIFS($M$17:$M$185,P23,$K$17:$K$185,$S$18,$F$17:$F$185,"1") -> 0 | T23: =COUNTIFS($M$17:$M$185,P23,$K$17:$K$185,$T$18,$F$17:$F$185,"1") -> 0 | U23: =COUNTIFS($M$17:$M$185,P23,$K$17:$K$185,$U$18,$G$17:$G$185,"1") -> 0 | V23: =COUNTIFS($M$17:$M$185,P23,$K$17:$K$185,$V$18,$G$17:$G$185,"1") -> 0
A24: 8 | B24: 46044 | C24: 이은기 | D24: 남영동주민센터 | G24: 1 | H24: 1 | J24: 김영민 | K24: 임시주거 중 | L24: 수급신청, 긴급생계비 신청 | M24: =MONTH(B24) -> 1 | P24: 6 | Q24: =COUNTIFS($M$17:$M$185,P24,$K$17:$K$185,$Q$18,$E$17:$E$185,"1") -> 0 | R24: =COUNTIFS($M$17:$M$185,P24,$K$17:$K$185,$R$18,$E$17:$E$185,"1") -> 0 | S24: =COUNTIFS($M$17:$M$185,P24,$K$17:$K$185,$S$18,$F$17:$F$185,"1") -> 0 | T24: =COUNTIFS($M$17:$M$185,P24,$K$17:$K$185,$T$18,$F$17:$F$185,"1") -> 0 | U24: =COUNTIFS($M$17:$M$185,P24,$K$17:$K$185,$U$18,$G$17:$G$185,"1") -> 0 | V24: =COUNTIFS($M$17:$M$185,P24,$K$17:$K$185,$V$18,$G$17:$G$185,"1") -> 0
A25: 9 | B25: 46035 | C25: 유선태 | D25: 중림동주민센터 | G25: 1 | H25: 1 | J25: 임종혁 | K25: 임시주거 중 | L25: 수급신청, 긴급생계비 신청 | M25: =MONTH(B25) -> 1 | P25: 7 | Q25: =COUNTIFS($M$17:$M$185,P25,$K$17:$K$185,$Q$18,$E$17:$E$185,"1") -> 0 | R25: =COUNTIFS($M$17:$M$185,P25,$K$17:$K$185,$R$18,$E$17:$E$185,"1") -> 0 | S25: =COUNTIFS($M$17:$M$185,P25,$K$17:$K$185,$S$18,$F$17:$F$185,"1") -> 0 | T25: =COUNTIFS($M$17:$M$185,P25,$K$17:$K$185,$T$18,$F$17:$F$185,"1") -> 0 | U25: =COUNTIFS($M$17:$M$185,P25,$K$17:$K$185,$U$18,$G$17:$G$185,"1") -> 0 | V25: =COUNTIFS($M$17:$M$185,P25,$K$17:$K$185,$V$18,$G$17:$G$185,"1") -> 0
A26: 10 | B26: 46048 | C26: 문정호 | D26: 남영동주민센터 | E26: 1 | J26: 안영호 | K26: 병원입원 중 | L26: 신분증 재발급 | M26: =MONTH(B26) -> 1 | P26: 8 | Q26: =COUNTIFS($M$17:$M$185,P26,$K$17:$K$185,$Q$18,$E$17:$E$185,"1") -> 0 | R26: =COUNTIFS($M$17:$M$185,P26,$K$17:$K$185,$R$18,$E$17:$E$185,"1") -> 0 | S26: =COUNTIFS($M$17:$M$185,P26,$K$17:$K$185,$S$18,$F$17:$F$185,"1") -> 0 | T26: =COUNTIFS($M$17:$M$185,P26,$K$17:$K$185,$T$18,$F$17:$F$185,"1") -> 0 | U26: =COUNTIFS($M$17:$M$185,P26,$K$17:$K$185,$U$18,$G$17:$G$185,"1") -> 0 | V26: =COUNTIFS($M$17:$M$185,P26,$K$17:$K$185,$V$18,$G$17:$G$185,"1") -> 0
A27: 11 | B27: 46049 | C27: 유혜린 | D27: 남영동주민센터 | E27: 1 | F27: 1 | J27: 김영민 | K27: 임시주거 중 | L27: 말소복원, 신분증재발급 | M27: =MONTH(B27) -> 1 | P27: 9 | Q27: =COUNTIFS($M$17:$M$185,P27,$K$17:$K$185,$Q$18,$E$17:$E$185,"1") -> 0 | R27: =COUNTIFS($M$17:$M$185,P27,$K$17:$K$185,$R$18,$E$17:$E$185,"1") -> 0 | S27: =COUNTIFS($M$17:$M$185,P27,$K$17:$K$185,$S$18,$F$17:$F$185,"1") -> 0 | T27: =COUNTIFS($M$17:$M$185,P27,$K$17:$K$185,$T$18,$F$17:$F$185,"1") -> 0 | U27: =COUNTIFS($M$17:$M$185,P27,$K$17:$K$185,$U$18,$G$17:$G$185,"1") -> 0 | V27: =COUNTIFS($M$17:$M$185,P27,$K$17:$K$185,$V$18,$G$17:$G$185,"1") -> 0
A28: 12 | B28: 46028 | C28: 손경희 | D28: 남영동주민센터 | G28: 1 | H28: 1 | J28: 박상준 | K28: 임시주거 중 | L28: 수급신청, 긴급생계비 신청 | M28: =MONTH(B28) -> 1 | P28: 10 | Q28: =COUNTIFS($M$17:$M$185,P28,$K$17:$K$185,$Q$18,$E$17:$E$185,"1") -> 0 | R28: =COUNTIFS($M$17:$M$185,P28,$K$17:$K$185,$R$18,$E$17:$E$185,"1") -> 0 | S28: =COUNTIFS($M$17:$M$185,P28,$K$17:$K$185,$S$18,$F$17:$F$185,"1") -> 0 | T28: =COUNTIFS($M$17:$M$185,P28,$K$17:$K$185,$T$18,$F$17:$F$185,"1") -> 0 | U28: =COUNTIFS($M$17:$M$185,P28,$K$17:$K$185,$U$18,$G$17:$G$185,"1") -> 0 | V28: =COUNTIFS($M$17:$M$185,P28,$K$17:$K$185,$V$18,$G$17:$G$185,"1") -> 0
A29: 13 | B29: 46052 | C29: 권금호 | D29: 남영동주민센터 | F29: 1 | G29: 1 | J29: 최리선 | K29: 임시주거 중 | L29: 말소복원, 수급신청 | M29: =MONTH(B29) -> 1 | P29: 11 | Q29: =COUNTIFS($M$17:$M$185,P29,$K$17:$K$185,$Q$18,$E$17:$E$185,"1") -> 0 | R29: =COUNTIFS($M$17:$M$185,P29,$K$17:$K$185,$R$18,$E$17:$E$185,"1") -> 0 | S29: =COUNTIFS($M$17:$M$185,P29,$K$17:$K$185,$S$18,$F$17:$F$185,"1") -> 0 | T29: =COUNTIFS($M$17:$M$185,P29,$K$17:$K$185,$T$18,$F$17:$F$185,"1") -> 0 | U29: =COUNTIFS($M$17:$M$185,P29,$K$17:$K$185,$U$18,$G$17:$G$185,"1") -> 0 | V29: =COUNTIFS($M$17:$M$185,P29,$K$17:$K$185,$V$18,$G$17:$G$185,"1") -> 0
A30: 14 | B30: 46049 | C30: 이정수 | D30: 서대문구청 | G30: 1 | J30: 임종혁 | K30: 임시주거 중 | L30: 수급 심의 관련 의견진술서 제출 | M30: =MONTH(B30) -> 1 | P30: 12 | Q30: =COUNTIFS($M$17:$M$185,P30,$K$17:$K$185,$Q$18,$E$17:$E$185,"1") -> 0 | R30: =COUNTIFS($M$17:$M$185,P30,$K$17:$K$185,$R$18,$E$17:$E$185,"1") -> 0 | S30: =COUNTIFS($M$17:$M$185,P30,$K$17:$K$185,$S$18,$F$17:$F$185,"1") -> 0 | T30: =COUNTIFS($M$17:$M$185,P30,$K$17:$K$185,$T$18,$F$17:$F$185,"1") -> 0 | U30: =COUNTIFS($M$17:$M$185,P30,$K$17:$K$185,$U$18,$G$17:$G$185,"1") -> 0 | V30: =COUNTIFS($M$17:$M$185,P30,$K$17:$K$185,$V$18,$G$17:$G$185,"1") -> 0
A31: 15 | B31: 46052 | C31: 박효정 | D31: 중림동주민센터 | H31: 1 | J31: 임종혁 | L31: 전입신고 지원 | M31: =MONTH(B31) -> 1
A32: 16 | B32: 46052 | C32: 최만권 | D32: 북아현동주민센터 | H32: 1 | J32: 임종혁 | K32: 임시주거 중 | L32: 긴급생계 신청 | M32: =MONTH(B32) -> 1
A33: 17 | B33: 46052 | C33: 조종민 | D33: 남영동주민센터 | G33: 1 | H33: 1 | J33: 임종혁 | L33: 전입, 수급, 긴급지원 신청 | M33: =MONTH(B33) -> 1
A34: 18 | B34: 46052 | C34: 김영근 | D34: 원효로1동주민센터 | G34: 1 | H34: 1 | J34: 임종혁 | L34: 전입, 수급, 긴급지원 신청 | M34: =MONTH(B34) -> 1
A35: 19 | B35: 46056 | C35: 서정혁 | D35: 남영동주민센터 | G35: 1 | H35: 1 | J35: 최리선 | K35: 임시주거 중 | L35: 전입, 수급, 긴급지원 신청 | M35: =MONTH(B35) -> 2
A36: 20 | B36: 46057 | C36: 곽부연 | D36: 중림동주민센터 | E36: 1 | F36: 1 | G36: 1 | H36: 1 | J36: 임종혁 | L36: 주민등록재등록, 주민등록증재발급, 수급, 긴급지원 신청 | M36: =MONTH(B36) -> 2
A37: 21 | B37: 46065 | C37: 김종국 | D37: 중림동주민센터 | E37: 1 | F37: 1 | G37: 1 | H37: 1 | J37: 임종혁 | K37: 임시주거 중 | L37: 주민등록재등록, 주민등록증재발급, 수급, 긴급지원 신청 | M37: =MONTH(B37) -> 2
A38: 22 | B38: 46077 | C38: 장오형 | D38: 남영동주민센터 | F38: 1 | G38: 1 | J38: 안영호 | K38: 병원입원 중 | L38: 주민등록재등록, 수급 | M38: =MONTH(B38) -> 2
A39: 23 | B39: 46079 | C39: 박미향 | D39: 남영동주민센터 | G39: 1 | J39: 최리선 | K39: 임시주거 중 | L39: 긴급생계비, 수급신청 | M39: =MONTH(B39) -> 2
A40: 24 | B40: 46080 | C40: 신은혜 | D40: 북아현동주민센터 | G40: 1 | J40: 박상준 | K40: 임시주거 중 | L40: 긴급생계비, 수급신청 | M40: =MONTH(B40) -> 2
A41: 25 | B41: 46086 | C41: 이승철 | D41: 남영동주민센터 | F41: 1 | J41: 안영호 | K41: 임시주거 중 | L41: 복원 | M41: =MONTH(B41) -> 3
A42: 26 | B42: 46092 | C42: 한현석 | D42: 남영동주민센터 | G42: 1 | H42: 1 | J42: 박상준 | K42: 임시주거 중 | L42: 긴급생계비, 수급신청 | M42: =MONTH(B42) -> 3
A43: 27 | B43: 46079 | C43: 길성종 | D43: 북아현동주민센터 | G43: 1 | H43: 1 | J43: 조국일 | K43: 임시주거 중 | L43: 전입, 수급, 긴급지원 신청 | M43: =MONTH(B43) -> 2
A44: 28 | B44: 46042 | C44: 서강훈 | D44: 원효로1동주민센터 | G44: 1 | J44: 조국일 | K44: 임시주거 중 | L44: 전입,수급신청 | M44: =MONTH(B44) -> 1
A45: 29 | B45: 46050 | C45: 송수복 | D45: 북아현동주민센터 | G45: 1 | H45: 1 | J45: 조국일 | K45: 임시주거 중 | L45: 전입,수급신청,긴급지원신청 | M45: =MONTH(B45) -> 1
A46: 30 | B46: 46050 | C46: 이재섭 | D46: 북아현동주민센터 | G46: 1 | H46: 1 | J46: 조국일 | K46: 임시주거 중 | L46: 전입,수급신청,긴급지원신청 | M46: =MONTH(B46) -> 1
A47: 31 | B47: 46062 | C47: 이성도 | D47: 중림동주민센터 | G47: 1 | H47: 1 | J47: 조국일 | K47: 임시주거 중 | L47: 전입,수급신청,긴급지원신청 | M47: =MONTH(B47) -> 2
A48: 32 | B48: 46059 | C48: 임철빈 | D48: 북아현동주민센터 | G48: 1 | H48: 1 | J48: 조국일 | K48: 임시주거 중 | L48: 전입,수급신청,긴급지원신청 | M48: =MONTH(B48) -> 2
A49: 33 | B49: 46064 | C49: 전정규 | D49: 남영동주민센터 | G49: 1 | H49: 1 | J49: 조국일 | K49: 임시주거 중 | L49: 전입,수급신청,긴급지원신청 | M49: =MONTH(B49) -> 2
A50: 34 | B50: 46092 | C50: 황정웅 | D50: 남영동주민센터 | G50: 1 | H50: 1 | J50: 임종혁 | K50: 임시주거 중 | L50: 전입, 수급재신청 | M50: =MONTH(B50) -> 3
A51: 35 | B51: 46093 | C51: 임인희 | D51: 연희동주민센터 | F51: 1 | J51: 임종혁 | M51: =MONTH(B51) -> 3
A52: 36 | B52: 46097 | C52: 민원찬 | D52: 중림동주민센터 | G52: 1 | H52: 1 | J52: 임종혁 | K52: 임시주거 중 | L52: 전입, 주거급여 신청 | M52: =MONTH(B52) -> 3
A53: 37 | B53: 46098 | C53: 권오준 | D53: 중림동주민센터 | G53: 1 | H53: 1 | J53: 박상준 | K53: 임시주거 중 | L53: 전입, 수급, 긴급생계비 신청 | M53: =MONTH(B53) -> 3
A54: 38 | B54: 46099 | C54: 이정연 | D54: 신길3동주민센터 | G54: 1 | H54: 1 | J54: 임종혁 | K54: 병원입원 중 | L54: 전입, 수급신청 | M54: =MONTH(B54) -> 3
A55: 39 | M55: =MONTH(B55) -> 12
A56: 40 | M56: =MONTH(B56) -> 12
A57: 41 | M57: =MONTH(B57) -> 12
A58: 42 | M58: =MONTH(B58) -> 12
A59: 43 | M59: =MONTH(B59) -> 12
A60: 45 | M60: =MONTH(B60) -> 12
A61: 46 | M61: =MONTH(B61) -> 12
A62: 47 | M62: =MONTH(B62) -> 12
A63: 48 | M63: =MONTH(B63) -> 12
A64: 49 | M64: =MONTH(B64) -> 12
A65: 50 | M65: =MONTH(B65) -> 12
A66: 51 | M66: =MONTH(B66) -> 12
... A227: 212 | M227: =MONTH(B227) -> 12

Sheet 병원방문교육
B1: 상담일 | C1: 입원일 | D1: 대상자명 | E1: 주민번호 | F1: 입원형태 | G1: 질환분류 | H1: 입원병원 | I1: 담당자 | J1: 상담자 | K1: 병명 | L1: 욕구 | M1: 특이사항 | N1: 상담후 조치 | O1: 조치일 | P1: 비고
A2: 1
A3: 2
A4: 3
A5: 4
A6: 5
A7: 6
A8: 7
A9: 8
A10: 9
A11: 10
A12: 11
A13: 12
... A99: 94

Sheet 정신건강팀실적 →

Sheet 회의교육참여
A1: 0 | B1: 날짜 | C1: 구분 | D1: 내용 | E1: 장소 | F1: 강사 | G1: 참여자
A2: 1
A3: 2
A4: 3
A5: 4
A6: 5
A7: 6
A8: 7
A9: 8
A10: 9
A11: 10
A12: 11
A13: 12
... A111: 110

Sheet 입원실적
O1: 분기보고 시 기타항목
B2: 입원실적 | H2: 성별 | J2: 퇴원 후 조치
B3: 월 | C3: 자의입원 | D3: 응급입원 | E3: 보호진단 | F3: 보호입원 | G3: 합 | H3: 남 | I3: 여 | J3: 귀가 | K3: 시설연계 | L3: 주거지원 | M3: 일자리지원 | N3: 재입원 | O3: 귀가 | P3: 사망 | Q3: 재노숙
A4: 2025 | B4: 1 | C4: =COUNTIFS('입원현황'!$G$2:$G$3,C3,'입원현황'!$C$2:$C$3,">="&date($A$4,$B$4,1),'입원현황'!$C$2:$C$3,"<="&date($A$4,$B$4,31)) -> 0 | D4: =COUNTIFS('입원현황'!$G$2:$G$3,D3,'입원현황'!$C$2:$C$3,">="&date($A$4,$B$4,1),'입원현황'!$C$2:$C$3,"<="&date($A$4,$B$4,31)) -> 0 | E4: =COUNTIFS('입원현황'!$G$2:$G$3,E3,'입원현황'!$C$2:$C$3,">="&date($A$4,$B$4,1),'입원현황'!$C$2:$C$3,"<="&date($A$4,$B$4,31)) -> 0 | F4: =COUNTIFS('입원현황'!$G$2:$G$3,F3,'입원현황'!$C$2:$C$3,">="&date($A$4,$B$4,1),'입원현황'!$C$2:$C$3,"<="&date($A$4,$B$4,31)) -> 0 | G4: =SUM(C4:F4) -> 0 | H4: =COUNTIFS('입원현황'!$D$2:$D$3,H3,'입원현황'!$C$2:$C$3,">="&date($A$4,$B$4,1),'입원현황'!$C$2:$C$3,"<="&date($A$4,$B$4,31)) -> 0 | I4: =COUNTIFS('입원현황'!$D$2:$D$3,I3,'입원현황'!$C$2:$C$3,">="&date($A$4,$B$4,1),'입원현황'!$C$2:$C$3,"<="&date($A$4,$B$4,31)) -> 0 | J4: =COUNTIFS('입원현황'!$P$2:$P$3,J3,'입원현황'!$O$2:$O$3,">="&date($A$4,$B$4,1),'입원현황'!$C$2:$C$3,"<="&date($A$4,$B$4,31)) -> 0 | K4: =COUNTIFS('입원현황'!$P$2:$P$3,K3,'입원현황'!$O$2:$O$3,">="&date($A$4,$B$4,1),'입원현황'!$C$2:$C$3,"<="&date($A$4,$B$4,31)) -> 0 | L4: =COUNTIFS('입원현황'!$P$2:$P$3,L3,'입원현황'!$O$2:$O$3,">="&date($A$4,$B$4,1),'입원현황'!$C$2:$C$3,"<="&date($A$4,$B$4,31)) -> 0 | M4: =COUNTIFS('입원현황'!$P$2:$P$3,M3,'입원현황'!$O$2:$O$3,">="&date($A$4,$B$4,1),'입원현황'!$C$2:$C$3,"<="&date($A$4,$B$4,31)) -> 0 | N4: =COUNTIFS('입원현황'!$P$2:$P$3,N3,'입원현황'!$O$2:$O$3,">="&date($A$4,$B$4,1),'입원현황'!$C$2:$C$3,"<="&date($A$4,$B$4,31)) -> 0 | O4: =COUNTIFS('입원현황'!$P$2:$P$3,O3,'입원현황'!$O$2:$O$3,">="&date($A$4,$B$4,1),'입원현황'!$C$2:$C$3,"<="&date($A$4,$B$4,31)) -> 0 | P4: =COUNTIFS('입원현황'!$P$2:$P$3,P3,'입원현황'!$O$2:$O$3,">="&date($A$4,$B$4,1),'입원현황'!$C$2:$C$3,"<="&date($A$4,$B$4,31)) -> 0 | Q4: =COUNTIFS('입원현황'!$P$2:$P$3,Q3,'입원현황'!$O$2:$O$3,">="&date($A$4,$B$4,1),'입원현황'!$C$2:$C$3,"<="&date($A$4,$B$4,31)) -> 0
B5: 2 | C5: =COUNTIFS('입원현황'!$G$2:$G$3,C3,'입원현황'!$C$2:$C$3,">="&date($A$4,$B$5,1),'입원현황'!$C$2:$C$3,"<="&date($A$4,$B$5,29)) -> 0 | D5: =COUNTIFS('입원현황'!$G$2:$G$3,D3,'입원현황'!$C$2:$C$3,">="&date($A$4,$B$5,1),'입원현황'!$C$2:$C$3,"<="&date($A$4,$B$5,29)) -> 0 | E5: =COUNTIFS('입원현황'!$G$2:$G$3,E3,'입원현황'!$C$2:$C$3,">="&date($A$4,$B$5,1),'입원현황'!$C$2:$C$3,"<="&date($A$4,$B$5,29)) -> 0 | F5: =COUNTIFS('입원현황'!$G$2:$G$3,F3,'입원현황'!$C$2:$C$3,">="&date($A$4,$B$5,1),'입원현황'!$C$2:$C$3,"<="&date($A$4,$B$5,29)) -> 0 | G5: =SUM(C5:F5) -> 0 | H5: =COUNTIFS('입원현황'!$D$2:$D$3,$H$3,'입원현황'!$C$2:$C$3,">="&date($A$4,$B$5,1),'입원현황'!$C$2:$C$3,"<="&date($A$4,$B$5,28)) -> 0 | I5: =COUNTIFS('입원현황'!$D$2:$D$3,$I$3,'입원현황'!$C$2:$C$3,">="&date($A$4,$B$5,1),'입원현황'!$C$2:$C$3,"<="&date($A$4,$B$5,28)) -> 0 | J5: =COUNTIFS('입원현황'!$P$2:$P$3,J3,'입원현황'!$O$2:$O$3,">="&date($A$4,$B$5,1),'입원현황'!$C$2:$C$3,"<="&date($A$4,$B$5,31)) -> 0 | K5: =COUNTIFS('입원현황'!$P$2:$P$3,K3,'입원현황'!$O$2:$O$3,">="&date($A$4,$B$5,1),'입원현황'!$C$2:$C$3,"<="&date($A$4,$B$5,31)) -> 0 | L5: =COUNTIFS('입원현황'!$P$2:$P$3,L3,'입원현황'!$O$2:$O$3,">="&date($A$4,$B$5,1),'입원현황'!$C$2:$C$3,"<="&date($A$4,$B$5,31)) -> 0 | M5: =COUNTIFS('입원현황'!$P$2:$P$3,M3,'입원현황'!$O$2:$O$3,">="&date($A$4,$B$5,1),'입원현황'!$C$2:$C$3,"<="&date($A$4,$B$5,31)) -> 0 | N5: =COUNTIFS('입원현황'!$P$2:$P$3,N3,'입원현황'!$O$2:$O$3,">="&date($A$4,$B$5,1),'입원현황'!$C$2:$C$3,"<="&date($A$4,$B$5,31)) -> 0 | O5: =COUNTIFS('입원현황'!$P$2:$P$3,O3,'입원현황'!$O$2:$O$3,">="&date($A$4,$B$5,1),'입원현황'!$C$2:$C$3,"<="&date($A$4,$B$5,31)) -> 0 | P5: =COUNTIFS('입원현황'!$P$2:$P$3,P3,'입원현황'!$O$2:$O$3,">="&date($A$4,$B$5,1),'입원현황'!$C$2:$C$3,"<="&date($A$4,$B$5,31)) -> 0 | Q5: =COUNTIFS('입원현황'!$P$2:$P$3,Q3,'입원현황'!$O$2:$O$3,">="&date($A$4,$B$5,1),'입원현황'!$C$2:$C$3,"<="&date($A$4,$B$5,31)) -> 0
B6: 3 | C6: =COUNTIFS('입원현황'!$G$2:$G$3,C3,'입원현황'!$C$2:$C$3,">="&date($A$4,$B$6,1),'입원현황'!$C$2:$C$3,"<="&date($A$4,$B$6,31)) -> 0 | D6: =COUNTIFS('입원현황'!$G$2:$G$3,D3,'입원현황'!$C$2:$C$3,">="&date($A$4,$B$6,1),'입원현황'!$C$2:$C$3,"<="&date($A$4,$B$6,31)) -> 0 | E6: =COUNTIFS('입원현황'!$G$2:$G$3,E3,'입원현황'!$C$2:$C$3,">="&date($A$4,$B$6,1),'입원현황'!$C$2:$C$3,"<="&date($A$4,$B$6,31)) -> 0 | F6: =COUNTIFS('입원현황'!$G$2:$G$3,F3,'입원현황'!$C$2:$C$3,">="&date($A$4,$B$6,1),'입원현황'!$C$2:$C$3,"<="&date($A$4,$B$6,31)) -> 0 | G6: =SUM(C6:F6) -> 0 | H6: =COUNTIFS('입원현황'!$D$2:$D$3,$H$3,'입원현황'!$C$2:$C$3,">="&date($A$4,$B$6,1),'입원현황'!$C$2:$C$3,"<="&date($A$4,$B$6,31)) -> 0 | I6: =COUNTIFS('입원현황'!$D$2:$D$3,$I$3,'입원현황'!$C$2:$C$3,">="&date($A$4,$B$6,1),'입원현황'!$C$2:$C$3,"<="&date($A$4,$B$6,31)) -> 0 | J6: =COUNTIFS('입원현황'!$P$2:$P$3,J3,'입원현황'!$O$2:$O$3,">="&date($A$4,$B$6,1),'입원현황'!$C$2:$C$3,"<="&date($A$4,$B$6,31)) -> 0 | K6: =COUNTIFS('입원현황'!$P$2:$P$3,K3,'입원현황'!$O$2:$O$3,">="&date($A$4,$B$6,1),'입원현황'!$C$2:$C$3,"<="&date($A$4,$B$6,31)) -> 0 | L6: =COUNTIFS('입원현황'!$P$2:$P$3,L3,'입원현황'!$O$2:$O$3,">="&date($A$4,$B$6,1),'입원현황'!$C$2:$C$3,"<="&date($A$4,$B$6,31)) -> 0 | M6: =COUNTIFS('입원현황'!$P$2:$P$3,M3,'입원현황'!$O$2:$O$3,">="&date($A$4,$B$6,1),'입원현황'!$C$2:$C$3,"<="&date($A$4,$B$6,31)) -> 0 | N6: =COUNTIFS('입원현황'!$P$2:$P$3,N3,'입원현황'!$O$2:$O$3,">="&date($A$4,$B$6,1),'입원현황'!$C$2:$C$3,"<="&date($A$4,$B$6,31)) -> 0 | O6: =COUNTIFS('입원현황'!$P$2:$P$3,O3,'입원현황'!$O$2:$O$3,">="&date($A$4,$B$6,1),'입원현황'!$C$2:$C$3,"<="&date($A$4,$B$6,31)) -> 0 | P6: =COUNTIFS('입원현황'!$P$2:$P$3,P3,'입원현황'!$O$2:$O$3,">="&date($A$4,$B$6,1),'입원현황'!$C$2:$C$3,"<="&date($A$4,$B$6,31)) -> 0 | Q6: =COUNTIFS('입원현황'!$P$2:$P$3,Q3,'입원현황'!$O$2:$O$3,">="&date($A$4,$B$6,1),'입원현황'!$C$2:$C$3,"<="&date($A$4,$B$6,31)) -> 0
B7: 합 | C7: =SUM(C4:C6) -> 0 | D7: =SUM(D4:D6) -> 0 | E7: =SUM(E4:E6) -> 0 | F7: =SUM(F4:F6) -> 0 | G7: =SUM(G4:G6) -> 0 | H7: =SUM(H4:H6) -> 0 | I7: =SUM(I4:I6) -> 0 | J7: =SUM(J4:J6) -> 0 | ... Q7: =SUM(Q4:Q6) -> 0
B8: 4 | C8: =COUNTIFS('입원현황'!$G$2:$G$3,C3,'입원현황'!$C$2:$C$3,">="&date($A$4,$B$8,1),'입원현황'!$C$2:$C$3,"<="&date($A$4,$B$8,30)) -> 0 | D8: =COUNTIFS('입원현황'!$G$2:$G$3,D3,'입원현황'!$C$2:$C$3,">="&date($A$4,$B$8,1),'입원현황'!$C$2:$C$3,"<="&date($A$4,$B$8,30)) -> 0 | E8: =COUNTIFS('입원현황'!$G$2:$G$3,E3,'입원현황'!$C$2:$C$3,">="&date($A$4,$B$8,1),'입원현황'!$C$2:$C$3,"<="&date($A$4,$B$8,30)) -> 0 | F8: =COUNTIFS('입원현황'!$G$2:$G$3,F3,'입원현황'!$C$2:$C$3,">="&date($A$4,$B$8,1),'입원현황'!$C$2:$C$3,"<="&date($A$4,$B$8,30)) -> 0 | G8: =SUM(C8:F8) -> 0 | H8: =COUNTIFS('입원현황'!$D$2:$D$3,$H$3,'입원현황'!$C$2:$C$3,">="&date($A$4,$B$8,1),'입원현황'!$C$2:$C$3,"<="&date($A$4,$B$8,30)) -> 0 | I8: =COUNTIFS('입원현황'!$D$2:$D$3,$I$3,'입원현황'!$C$2:$C$3,">="&date($A$4,$B$8,1),'입원현황'!$C$2:$C$3,"<="&date($A$4,$B$8,30)) -> 0 | J8: =COUNTIFS('입원현황'!$P$2:$P$3,J3,'입원현황'!$O$2:$O$3,">="&date($A$4,$B$8,1),'입원현황'!$C$2:$C$3,"<="&date($A$4,$B$8,31)) -> 0 | K8: =COUNTIFS('입원현황'!$P$2:$P$3,K3,'입원현황'!$O$2:$O$3,">="&date($A$4,$B$8,1),'입원현황'!$C$2:$C$3,"<="&date($A$4,$B$8,31)) -> 0 | L8: =COUNTIFS('입원현황'!$P$2:$P$3,L3,'입원현황'!$O$2:$O$3,">="&date($A$4,$B$8,1),'입원현황'!$C$2:$C$3,"<="&date($A$4,$B$8,31)) -> 0 | M8: =COUNTIFS('입원현황'!$P$2:$P$3,M3,'입원현황'!$O$2:$O$3,">="&date($A$4,$B$8,1),'입원현황'!$C$2:$C$3,"<="&date($A$4,$B$8,31)) -> 0 | N8: =COUNTIFS('입원현황'!$P$2:$P$3,N3,'입원현황'!$O$2:$O$3,">="&date($A$4,$B$8,1),'입원현황'!$C$2:$C$3,"<="&date($A$4,$B$8,31)) -> 0 | O8: =COUNTIFS('입원현황'!$P$2:$P$3,O3,'입원현황'!$O$2:$O$3,">="&date($A$4,$B$8,1),'입원현황'!$C$2:$C$3,"<="&date($A$4,$B$8,31)) -> 0 | P8: =COUNTIFS('입원현황'!$P$2:$P$3,P3,'입원현황'!$O$2:$O$3,">="&date($A$4,$B$8,1),'입원현황'!$C$2:$C$3,"<="&date($A$4,$B$8,31)) -> 0 | Q8: =COUNTIFS('입원현황'!$P$2:$P$3,Q3,'입원현황'!$O$2:$O$3,">="&date($A$4,$B$8,1),'입원현황'!$C$2:$C$3,"<="&date($A$4,$B$8,31)) -> 0
B9: 5 | C9: =COUNTIFS('입원현황'!$G$2:$G$3,C3,'입원현황'!$C$2:$C$3,">="&date($A$4,$B$9,1),'입원현황'!$C$2:$C$3,"<="&date($A$4,$B$9,31)) -> 0 | D9: =COUNTIFS('입원현황'!$G$2:$G$3,D3,'입원현황'!$C$2:$C$3,">="&date($A$4,$B$9,1),'입원현황'!$C$2:$C$3,"<="&date($A$4,$B$9,31)) -> 0 | E9: =COUNTIFS('입원현황'!$G$2:$G$3,E3,'입원현황'!$C$2:$C$3,">="&date($A$4,$B$9,1),'입원현황'!$C$2:$C$3,"<="&date($A$4,$B$9,31)) -> 0 | F9: =COUNTIFS('입원현황'!$G$2:$G$3,F3,'입원현황'!$C$2:$C$3,">="&date($A$4,$B$9,1),'입원현황'!$C$2:$C$3,"<="&date($A$4,$B$9,30)) -> 0 | G9: =SUM(C9:F9) -> 0 | H9: =COUNTIFS('입원현황'!$D$2:$D$3,H3,'입원현황'!$C$2:$C$3,">="&date($A$4,$B$9,1),'입원현황'!$C$2:$C$3,"<="&date($A$4,$B$9,31)) -> 0 | I9: =COUNTIFS('입원현황'!$D$2:$D$3,I3,'입원현황'!$C$2:$C$3,">="&date($A$4,$B$9,1),'입원현황'!$C$2:$C$3,"<="&date($A$4,$B$9,31)) -> 0 | J9: =COUNTIFS('입원현황'!$P$2:$P$3,J3,'입원현황'!$O$2:$O$3,">="&date($A$4,$B$9,1),'입원현황'!$C$2:$C$3,"<="&date($A$4,$B$9,31)) -> 0 | K9: =COUNTIFS('입원현황'!$P$2:$P$3,K3,'입원현황'!$O$2:$O$3,">="&date($A$4,$B$9,1),'입원현황'!$C$2:$C$3,"<="&date($A$4,$B$9,31)) -> 0 | L9: =COUNTIFS('입원현황'!$P$2:$P$3,L3,'입원현황'!$O$2:$O$3,">="&date($A$4,$B$9,1),'입원현황'!$C$2:$C$3,"<="&date($A$4,$B$9,31)) -> 0 | M9: =COUNTIFS('입원현황'!$P$2:$P$3,M3,'입원현황'!$O$2:$O$3,">="&date($A$4,$B$9,1),'입원현황'!$C$2:$C$3,"<="&date($A$4,$B$9,31)) -> 0 | N9: =COUNTIFS('입원현황'!$P$2:$P$3,N3,'입원현황'!$O$2:$O$3,">="&date($A$4,$B$9,1),'입원현황'!$C$2:$C$3,"<="&date($A$4,$B$9,31)) -> 0 | O9: =COUNTIFS('입원현황'!$P$2:$P$3,O3,'입원현황'!$O$2:$O$3,">="&date($A$4,$B$9,1),'입원현황'!$C$2:$C$3,"<="&date($A$4,$B$9,31)) -> 0 | P9: =COUNTIFS('입원현황'!$P$2:$P$3,P3,'입원현황'!$O$2:$O$3,">="&date($A$4,$B$9,1),'입원현황'!$C$2:$C$3,"<="&date($A$4,$B$9,31)) -> 0 | Q9: =COUNTIFS('입원현황'!$P$2:$P$3,Q3,'입원현황'!$O$2:$O$3,">="&date($A$4,$B$9,1),'입원현황'!$C$2:$C$3,"<="&date($A$4,$B$9,31)) -> 0
B10: 6 | C10: =COUNTIFS('입원현황'!$G$2:$G$3,C3,'입원현황'!$C$2:$C$3,">="&date($A$4,$B$10,1),'입원현황'!$C$2:$C$3,"<="&date($A$4,$B$10,30)) -> 0 | D10: =COUNTIFS('입원현황'!$G$2:$G$3,D3,'입원현황'!$C$2:$C$3,">="&date($A$4,$B$10,1),'입원현황'!$C$2:$C$3,"<="&date($A$4,$B$10,30)) -> 0 | E10: =COUNTIFS('입원현황'!$G$2:$G$3,E3,'입원현황'!$C$2:$C$3,">="&date($A$4,$B$10,1),'입원현황'!$C$2:$C$3,"<="&date($A$4,$B$10,30)) -> 0 | F10: =COUNTIFS('입원현황'!$G$2:$G$3,F3,'입원현황'!$C$2:$C$3,">="&date($A$4,$B$10,1),'입원현황'!$C$2:$C$3,"<="&date($A$4,$B$10,30)) -> 0 | G10: =SUM(C10:F10) -> 0 | H10: =COUNTIFS('입원현황'!$D$2:$D$3,H3,'입원현황'!$C$2:$C$3,">="&date($A$4,$B$10,1),'입원현황'!$C$2:$C$3,"<="&date($A$4,$B$10,31)) -> 0 | I10: =COUNTIFS('입원현황'!$D$2:$D$3,I3,'입원현황'!$C$2:$C$3,">="&date($A$4,$B$10,1),'입원현황'!$C$2:$C$3,"<="&date($A$4,$B$10,31)) -> 0 | J10: =COUNTIFS('입원현황'!$P$2:$P$3,J3,'입원현황'!$O$2:$O$3,">="&date($A$4,$B$10,1),'입원현황'!$C$2:$C$3,"<="&date($A$4,$B$10,31)) -> 0 | K10: =COUNTIFS('입원현황'!$P$2:$P$3,K3,'입원현황'!$O$2:$O$3,">="&date($A$4,$B$10,1),'입원현황'!$C$2:$C$3,"<="&date($A$4,$B$10,31)) -> 0 | L10: =COUNTIFS('입원현황'!$P$2:$P$3,L3,'입원현황'!$O$2:$O$3,">="&date($A$4,$B$10,1),'입원현황'!$C$2:$C$3,"<="&date($A$4,$B$10,31)) -> 0 | M10: =COUNTIFS('입원현황'!$P$2:$P$3,M3,'입원현황'!$O$2:$O$3,">="&date($A$4,$B$10,1),'입원현황'!$C$2:$C$3,"<="&date($A$4,$B$10,31)) -> 0 | N10: =COUNTIFS('입원현황'!$P$2:$P$3,N3,'입원현황'!$O$2:$O$3,">="&date($A$4,$B$10,1),'입원현황'!$C$2:$C$3,"<="&date($A$4,$B$10,31)) -> 0 | O10: =COUNTIFS('입원현황'!$P$2:$P$3,O3,'입원현황'!$O$2:$O$3,">="&date($A$4,$B$10,1),'입원현황'!$C$2:$C$3,"<="&date($A$4,$B$10,31)) -> 0 | P10: =COUNTIFS('입원현황'!$P$2:$P$3,P3,'입원현황'!$O$2:$O$3,">="&date($A$4,$B$10,1),'입원현황'!$C$2:$C$3,"<="&date($A$4,$B$10,31)) -> 0 | Q10: =COUNTIFS('입원현황'!$P$2:$P$3,Q3,'입원현황'!$O$2:$O$3,">="&date($A$4,$B$10,1),'입원현황'!$C$2:$C$3,"<="&date($A$4,$B$10,31)) -> 0
B11: 합 | C11: =SUM(C8:C10) -> 0 | D11: =SUM(D8:D10) -> 0 | E11: =SUM(E8:E10) -> 0 | F11: =SUM(F8:F10) -> 0 | G11: =SUM(G8:G10) -> 0 | H11: =SUM(H8:H10) -> 0 | I11: =SUM(I8:I10) -> 0 | J11: =SUM(J8:J10) -> 0 | ... Q11: =SUM(Q8:Q10) -> 0
B12: 7 | C12: =COUNTIFS('입원현황'!$G$2:$G$3,C3,'입원현황'!$C$2:$C$3,">="&date($A$4,$B$12,1),'입원현황'!$C$2:$C$3,"<="&date($A$4,$B$12,31)) -> 0 | D12: =COUNTIFS('입원현황'!$G$2:$G$3,D3,'입원현황'!$C$2:$C$3,">="&date($A$4,$B$12,1),'입원현황'!$C$2:$C$3,"<="&date($A$4,$B$12,31)) -> 0 | E12: =COUNTIFS('입원현황'!$G$2:$G$3,E3,'입원현황'!$C$2:$C$3,">="&date($A$4,$B$12,1),'입원현황'!$C$2:$C$3,"<="&date($A$4,$B$12,31)) -> 0 | F12: =COUNTIFS('입원현황'!$G$2:$G$3,F3,'입원현황'!$C$2:$C$3,">="&date($A$4,$B$12,1),'입원현황'!$C$2:$C$3,"<="&date($A$4,$B$12,31)) -> 0 | G12: =SUM(C12:F12) -> 0 | H12: =COUNTIFS('입원현황'!$D$2:$D$3,H3,'입원현황'!$C$2:$C$3,">="&date($A$4,$B$12,1),'입원현황'!$C$2:$C$3,"<="&date($A$4,$B$12,31)) -> 0 | I12: =COUNTIFS('입원현황'!$D$2:$D$3,I3,'입원현황'!$C$2:$C$3,">="&date($A$4,$B$12,1),'입원현황'!$C$2:$C$3,"<="&date($A$4,$B$12,31)) -> 0 | J12: =COUNTIFS('입원현황'!$P$2:$P$3,J3,'입원현황'!$O$2:$O$3,">="&date($A$4,$B$12,1),'입원현황'!$C$2:$C$3,"<="&date($A$4,$B$12,31)) -> 0 | K12: =COUNTIFS('입원현황'!$P$2:$P$3,K3,'입원현황'!$O$2:$O$3,">="&date($A$4,$B$12,1),'입원현황'!$C$2:$C$3,"<="&date($A$4,$B$12,31)) -> 0 | L12: =COUNTIFS('입원현황'!$P$2:$P$3,L3,'입원현황'!$O$2:$O$3,">="&date($A$4,$B$12,1),'입원현황'!$C$2:$C$3,"<="&date($A$4,$B$12,31)) -> 0 | M12: =COUNTIFS('입원현황'!$P$2:$P$3,M3,'입원현황'!$O$2:$O$3,">="&date($A$4,$B$12,1),'입원현황'!$C$2:$C$3,"<="&date($A$4,$B$12,31)) -> 0 | N12: =COUNTIFS('입원현황'!$P$2:$P$3,N3,'입원현황'!$O$2:$O$3,">="&date($A$4,$B$12,1),'입원현황'!$C$2:$C$3,"<="&date($A$4,$B$12,31)) -> 0 | O12: =COUNTIFS('입원현황'!$P$2:$P$3,O3,'입원현황'!$O$2:$O$3,">="&date($A$4,$B$12,1),'입원현황'!$C$2:$C$3,"<="&date($A$4,$B$12,31)) -> 0 | P12: =COUNTIFS('입원현황'!$P$2:$P$3,P3,'입원현황'!$O$2:$O$3,">="&date($A$4,$B$12,1),'입원현황'!$C$2:$C$3,"<="&date($A$4,$B$12,31)) -> 0 | Q12: =COUNTIFS('입원현황'!$P$2:$P$3,Q3,'입원현황'!$O$2:$O$3,">="&date($A$4,$B$12,1),'입원현황'!$C$2:$C$3,"<="&date($A$4,$B$12,31)) -> 0
B13: 8 | C13: =COUNTIFS('입원현황'!$G$2:$G$3,C3,'입원현황'!$C$2:$C$3,">="&date($A$4,$B$13,1),'입원현황'!$C$2:$C$3,"<="&date($A$4,$B$13,31)) -> 0 | D13: =COUNTIFS('입원현황'!$G$2:$G$3,D3,'입원현황'!$C$2:$C$3,">="&date($A$4,$B$13,1),'입원현황'!$C$2:$C$3,"<="&date($A$4,$B$13,31)) -> 0 | E13: =COUNTIFS('입원현황'!$G$2:$G$3,E3,'입원현황'!$C$2:$C$3,">="&date($A$4,$B$13,1),'입원현황'!$C$2:$C$3,"<="&date($A$4,$B$13,31)) -> 0 | F13: =COUNTIFS('입원현황'!$G$2:$G$3,F3,'입원현황'!$C$2:$C$3,">="&date($A$4,$B$13,1),'입원현황'!$C$2:$C$3,"<="&date($A$4,$B$13,31)) -> 0 | G13: =SUM(C13:F13) -> 0 | H13: =COUNTIFS('입원현황'!$D$2:$D$3,H3,'입원현황'!$C$2:$C$3,">="&date($A$4,$B$13,1),'입원현황'!$C$2:$C$3,"<="&date($A$4,$B$13,31)) -> 0 | I13: =COUNTIFS('입원현황'!$D$2:$D$3,I3,'입원현황'!$C$2:$C$3,">="&date($A$4,$B$13,1),'입원현황'!$C$2:$C$3,"<="&date($A$4,$B$13,31)) -> 0 | J13: =COUNTIFS('입원현황'!$P$2:$P$3,J3,'입원현황'!$O$2:$O$3,">="&date($A$4,$B$13,1),'입원현황'!$C$2:$C$3,"<="&date($A$4,$B$13,31)) -> 0 | K13: =COUNTIFS('입원현황'!$P$2:$P$3,K3,'입원현황'!$O$2:$O$3,">="&date($A$4,$B$13,1),'입원현황'!$C$2:$C$3,"<="&date($A$4,$B$13,31)) -> 0 | L13: =COUNTIFS('입원현황'!$P$2:$P$3,L3,'입원현황'!$O$2:$O$3,">="&date($A$4,$B$13,1),'입원현황'!$C$2:$C$3,"<="&date($A$4,$B$13,31)) -> 0 | M13: =COUNTIFS('입원현황'!$P$2:$P$3,M3,'입원현황'!$O$2:$O$3,">="&date($A$4,$B$13,1),'입원현황'!$C$2:$C$3,"<="&date($A$4,$B$13,31)) -> 0 | N13: =COUNTIFS('입원현황'!$P$2:$P$3,N3,'입원현황'!$O$2:$O$3,">="&date($A$4,$B$13,1),'입원현황'!$C$2:$C$3,"<="&date($A$4,$B$13,31)) -> 0 | O13: =COUNTIFS('입원현황'!$P$2:$P$3,O3,'입원현황'!$O$2:$O$3,">="&date($A$4,$B$13,1),'입원현황'!$C$2:$C$3,"<="&date($A$4,$B$13,31)) -> 0 | P13: =COUNTIFS('입원현황'!$P$2:$P$3,P3,'입원현황'!$O$2:$O$3,">="&date($A$4,$B$13,1),'입원현황'!$C$2:$C$3,"<="&date($A$4,$B$13,31)) -> 0 | Q13: =COUNTIFS('입원현황'!$P$2:$P$3,Q3,'입원현황'!$O$2:$O$3,">="&date($A$4,$B$13,1),'입원현황'!$C$2:$C$3,"<="&date($A$4,$B$13,31)) -> 0
B14: 9 | C14: =COUNTIFS('입원현황'!$G$2:$G$3,C3,'입원현황'!$C$2:$C$3,">="&date($A$4,$B$14,1),'입원현황'!$C$2:$C$3,"<="&date($A$4,$B$14,30)) -> 0 | D14: =COUNTIFS('입원현황'!$G$2:$G$3,D3,'입원현황'!$C$2:$C$3,">="&date($A$4,$B$14,1),'입원현황'!$C$2:$C$3,"<="&date($A$4,$B$14,30)) -> 0 | E14: =COUNTIFS('입원현황'!$G$2:$G$3,E3,'입원현황'!$C$2:$C$3,">="&date($A$4,$B$14,1),'입원현황'!$C$2:$C$3,"<="&date($A$4,$B$14,30)) -> 0 | F14: =COUNTIFS('입원현황'!$G$2:$G$3,F3,'입원현황'!$C$2:$C$3,">="&date($A$4,$B$14,1),'입원현황'!$C$2:$C$3,"<="&date($A$4,$B$14,31)) -> 0 | G14: =SUM(C14:F14) -> 0 | H14: =COUNTIFS('입원현황'!$D$2:$D$3,H3,'입원현황'!$C$2:$C$3,">="&date($A$4,$B$14,1),'입원현황'!$C$2:$C$3,"<="&date($A$4,$B$14,31)) -> 0 | I14: =COUNTIFS('입원현황'!$D$2:$D$3,I3,'입원현황'!$C$2:$C$3,">="&date($A$4,$B$14,1),'입원현황'!$C$2:$C$3,"<="&date($A$4,$B$14,31)) -> 0 | J14: =COUNTIFS('입원현황'!$P$2:$P$3,J3,'입원현황'!$O$2:$O$3,">="&date($A$4,$B$14,1),'입원현황'!$C$2:$C$3,"<="&date($A$4,$B$14,31)) -> 0 | K14: =COUNTIFS('입원현황'!$P$2:$P$3,K3,'입원현황'!$O$2:$O$3,">="&date($A$4,$B$14,1),'입원현황'!$C$2:$C$3,"<="&date($A$4,$B$14,31)) -> 0 | L14: =COUNTIFS('입원현황'!$P$2:$P$3,L3,'입원현황'!$O$2:$O$3,">="&date($A$4,$B$14,1),'입원현황'!$C$2:$C$3,"<="&date($A$4,$B$14,31)) -> 0 | M14: =COUNTIFS('입원현황'!$P$2:$P$3,M3,'입원현황'!$O$2:$O$3,">="&date($A$4,$B$14,1),'입원현황'!$C$2:$C$3,"<="&date($A$4,$B$14,31)) -> 0 | N14: =COUNTIFS('입원현황'!$P$2:$P$3,N3,'입원현황'!$O$2:$O$3,">="&date($A$4,$B$14,1),'입원현황'!$C$2:$C$3,"<="&date($A$4,$B$14,31)) -> 0 | O14: =COUNTIFS('입원현황'!$P$2:$P$3,O3,'입원현황'!$O$2:$O$3,">="&date($A$4,$B$14,1),'입원현황'!$C$2:$C$3,"<="&date($A$4,$B$14,31)) -> 0 | P14: =COUNTIFS('입원현황'!$P$2:$P$3,P3,'입원현황'!$O$2:$O$3,">="&date($A$4,$B$14,1),'입원현황'!$C$2:$C$3,"<="&date($A$4,$B$14,31)) -> 0 | Q14: =COUNTIFS('입원현황'!$P$2:$P$3,Q3,'입원현황'!$O$2:$O$3,">="&date($A$4,$B$14,1),'입원현황'!$C$2:$C$3,"<="&date($A$4,$B$14,31)) -> 0
B15: 합 | C15: =SUM(C12:C14) -> 0 | D15: =SUM(D12:D14) -> 0 | E15: =SUM(E12:E14) -> 0 | F15: =SUM(F12:F14) -> 0 | G15: =SUM(G12:G14) -> 0 | H15: =SUM(H12:H14) -> 0 | I15: =SUM(I12:I14) -> 0 | J15: =SUM(J12:J14) -> 0 | ... Q15: =SUM(Q12:Q14) -> 0
B16: 10 | C16: =COUNTIFS('입원현황'!$G$2:$G$3,C3,'입원현황'!$C$2:$C$3,">="&date($A$4,$B$16,1),'입원현황'!$C$2:$C$3,"<="&date($A$4,$B$16,31)) -> 0 | D16: =COUNTIFS('입원현황'!$G$2:$G$3,D3,'입원현황'!$C$2:$C$3,">="&date($A$4,$B$16,1),'입원현황'!$C$2:$C$3,"<="&date($A$4,$B$16,31)) -> 0 | E16: =COUNTIFS('입원현황'!$G$2:$G$3,E3,'입원현황'!$C$2:$C$3,">="&date($A$4,$B$16,1),'입원현황'!$C$2:$C$3,"<="&date($A$4,$B$16,31)) -> 0 | F16: =COUNTIFS('입원현황'!$G$2:$G$3,F3,'입원현황'!$C$2:$C$3,">="&date($A$4,$B$16,1),'입원현황'!$C$2:$C$3,"<="&date($A$4,$B$16,31)) -> 0 | G16: =SUM(C16:F16) -> 0 | H16: =COUNTIFS('입원현황'!$D$2:$D$3,H3,'입원현황'!$C$2:$C$3,">="&date($A$4,$B$16,1),'입원현황'!$C$2:$C$3,"<="&date($A$4,$B$16,31)) -> 0 | I16: =COUNTIFS('입원현황'!$D$2:$D$3,I3,'입원현황'!$C$2:$C$3,">="&date($A$4,$B$16,1),'입원현황'!$C$2:$C$3,"<="&date($A$4,$B$16,31)) -> 0 | J16: =COUNTIFS('입원현황'!$P$2:$P$3,J3,'입원현황'!$O$2:$O$3,">="&date($A$4,$B$16,1),'입원현황'!$C$2:$C$3,"<="&date($A$4,$B$16,31)) -> 0 | K16: =COUNTIFS('입원현황'!$P$2:$P$3,K3,'입원현황'!$O$2:$O$3,">="&date($A$4,$B$16,1),'입원현황'!$C$2:$C$3,"<="&date($A$4,$B$16,31)) -> 0 | L16: =COUNTIFS('입원현황'!$P$2:$P$3,L3,'입원현황'!$O$2:$O$3,">="&date($A$4,$B$16,1),'입원현황'!$C$2:$C$3,"<="&date($A$4,$B$16,31)) -> 0 | M16: =COUNTIFS('입원현황'!$P$2:$P$3,M3,'입원현황'!$O$2:$O$3,">="&date($A$4,$B$16,1),'입원현황'!$C$2:$C$3,"<="&date($A$4,$B$16,31)) -> 0 | N16: =COUNTIFS('입원현황'!$P$2:$P$3,N3,'입원현황'!$O$2:$O$3,">="&date($A$4,$B$16,1),'입원현황'!$C$2:$C$3,"<="&date($A$4,$B$16,31)) -> 0 | O16: =COUNTIFS('입원현황'!$P$2:$P$3,O3,'입원현황'!$O$2:$O$3,">="&date($A$4,$B$16,1),'입원현황'!$C$2:$C$3,"<="&date($A$4,$B$16,31)) -> 0 | P16: =COUNTIFS('입원현황'!$P$2:$P$3,P3,'입원현황'!$O$2:$O$3,">="&date($A$4,$B$16,1),'입원현황'!$C$2:$C$3,"<="&date($A$4,$B$16,31)) -> 0 | Q16: =COUNTIFS('입원현황'!$P$2:$P$3,Q3,'입원현황'!$O$2:$O$3,">="&date($A$4,$B$16,1),'입원현황'!$C$2:$C$3,"<="&date($A$4,$B$16,31)) -> 0
B17: 11 | C17: =COUNTIFS('입원현황'!$G$2:$G$3,C4,'입원현황'!$C$2:$C$3,">="&date($A$4,$B$16,1),'입원현황'!$C$2:$C$3,"<="&date($A$4,$B$16,31)) -> 0 | D17: =COUNTIFS('입원현황'!$G$2:$G$3,D4,'입원현황'!$C$2:$C$3,">="&date($A$4,$B$16,1),'입원현황'!$C$2:$C$3,"<="&date($A$4,$B$16,31)) -> 0 | E17: =COUNTIFS('입원현황'!$G$2:$G$3,E4,'입원현황'!$C$2:$C$3,">="&date($A$4,$B$16,1),'입원현황'!$C$2:$C$3,"<="&date($A$4,$B$16,31)) -> 0 | F17: =COUNTIFS('입원현황'!$G$2:$G$3,F4,'입원현황'!$C$2:$C$3,">="&date($A$4,$B$16,1),'입원현황'!$C$2:$C$3,"<="&date($A$4,$B$16,31)) -> 0 | G17: =SUM(C17:F17) -> 0 | H17: =COUNTIFS('입원현황'!$D$2:$D$3,H3,'입원현황'!$C$2:$C$3,">="&date($A$4,$B$17,1),'입원현황'!$C$2:$C$3,"<="&date($A$4,$B$17,31)) -> 0 | I17: =COUNTIFS('입원현황'!$D$2:$D$3,I3,'입원현황'!$C$2:$C$3,">="&date($A$4,$B$17,1),'입원현황'!$C$2:$C$3,"<="&date($A$4,$B$17,31)) -> 0 | J17: =COUNTIFS('입원현황'!$P$2:$P$3,J3,'입원현황'!$O$2:$O$3,">="&date($A$4,$B$17,1),'입원현황'!$C$2:$C$3,"<="&date($A$4,$B$17,31)) -> 0 | K17: =COUNTIFS('입원현황'!$P$2:$P$3,K3,'입원현황'!$O$2:$O$3,">="&date($A$4,$B$17,1),'입원현황'!$C$2:$C$3,"<="&date($A$4,$B$17,31)) -> 0 | L17: =COUNTIFS('입원현황'!$P$2:$P$3,L3,'입원현황'!$O$2:$O$3,">="&date($A$4,$B$17,1),'입원현황'!$C$2:$C$3,"<="&date($A$4,$B$17,31)) -> 0 | M17: =COUNTIFS('입원현황'!$P$2:$P$3,M3,'입원현황'!$O$2:$O$3,">="&date($A$4,$B$17,1),'입원현황'!$C$2:$C$3,"<="&date($A$4,$B$17,31)) -> 0 | N17: =COUNTIFS('입원현황'!$P$2:$P$3,N3,'입원현황'!$O$2:$O$3,">="&date($A$4,$B$17,1),'입원현황'!$C$2:$C$3,"<="&date($A$4,$B$17,31)) -> 0 | O17: =COUNTIFS('입원현황'!$P$2:$P$3,O3,'입원현황'!$O$2:$O$3,">="&date($A$4,$B$17,1),'입원현황'!$C$2:$C$3,"<="&date($A$4,$B$17,31)) -> 0 | P17: =COUNTIFS('입원현황'!$P$2:$P$3,P3,'입원현황'!$O$2:$O$3,">="&date($A$4,$B$17,1),'입원현황'!$C$2:$C$3,"<="&date($A$4,$B$17,31)) -> 0 | Q17: =COUNTIFS('입원현황'!$P$2:$P$3,Q3,'입원현황'!$O$2:$O$3,">="&date($A$4,$B$17,1),'입원현황'!$C$2:$C$3,"<="&date($A$4,$B$17,31)) -> 0
B18: 12 | C18: =COUNTIFS('입원현황'!$G$2:$G$3,C5,'입원현황'!$C$2:$C$3,">="&date($A$4,$B$16,1),'입원현황'!$C$2:$C$3,"<="&date($A$4,$B$16,31)) -> 0 | D18: =COUNTIFS('입원현황'!$G$2:$G$3,D5,'입원현황'!$C$2:$C$3,">="&date($A$4,$B$16,1),'입원현황'!$C$2:$C$3,"<="&date($A$4,$B$16,31)) -> 0 | E18: =COUNTIFS('입원현황'!$G$2:$G$3,E5,'입원현황'!$C$2:$C$3,">="&date($A$4,$B$16,1),'입원현황'!$C$2:$C$3,"<="&date($A$4,$B$16,31)) -> 0 | F18: =COUNTIFS('입원현황'!$G$2:$G$3,F5,'입원현황'!$C$2:$C$3,">="&date($A$4,$B$16,1),'입원현황'!$C$2:$C$3,"<="&date($A$4,$B$16,31)) -> 0 | G18: =SUM(C18:F18) -> 0 | H18: =COUNTIFS('입원현황'!$D$2:$D$3,H3,'입원현황'!$C$2:$C$3,">="&date($A$4,$B$18,1),'입원현황'!$C$2:$C$3,"<="&date($A$4,$B$18,31)) -> 0 | I18: =COUNTIFS('입원현황'!$D$2:$D$3,I3,'입원현황'!$C$2:$C$3,">="&date($A$4,$B$18,1),'입원현황'!$C$2:$C$3,"<="&date($A$4,$B$18,31)) -> 0 | J18: =COUNTIFS('입원현황'!$P$2:$P$3,J3,'입원현황'!$O$2:$O$3,">="&date($A$4,$B$18,1),'입원현황'!$C$2:$C$3,"<="&date($A$4,$B$18,31)) -> 0 | K18: =COUNTIFS('입원현황'!$P$2:$P$3,K3,'입원현황'!$O$2:$O$3,">="&date($A$4,$B$18,1),'입원현황'!$C$2:$C$3,"<="&date($A$4,$B$18,31)) -> 0 | L18: =COUNTIFS('입원현황'!$P$2:$P$3,L3,'입원현황'!$O$2:$O$3,">="&date($A$4,$B$18,1),'입원현황'!$C$2:$C$3,"<="&date($A$4,$B$18,31)) -> 0 | M18: =COUNTIFS('입원현황'!$P$2:$P$3,M3,'입원현황'!$O$2:$O$3,">="&date($A$4,$B$18,1),'입원현황'!$C$2:$C$3,"<="&date($A$4,$B$18,31)) -> 0 | N18: =COUNTIFS('입원현황'!$P$2:$P$3,N3,'입원현황'!$O$2:$O$3,">="&date($A$4,$B$18,1),'입원현황'!$C$2:$C$3,"<="&date($A$4,$B$18,31)) -> 0 | O18: =COUNTIFS('입원현황'!$P$2:$P$3,O3,'입원현황'!$O$2:$O$3,">="&date($A$4,$B$18,1),'입원현황'!$C$2:$C$3,"<="&date($A$4,$B$18,31)) -> 0 | P18: =COUNTIFS('입원현황'!$P$2:$P$3,P3,'입원현황'!$O$2:$O$3,">="&date($A$4,$B$18,1),'입원현황'!$C$2:$C$3,"<="&date($A$4,$B$18,31)) -> 0 | Q18: =COUNTIFS('입원현황'!$P$2:$P$3,Q3,'입원현황'!$O$2:$O$3,">="&date($A$4,$B$18,1),'입원현황'!$C$2:$C$3,"<="&date($A$4,$B$18,31)) -> 0
B19: 합 | C19: =SUM(C16:C18) -> 0 | D19: =SUM(D16:D18) -> 0 | E19: =SUM(E16:E18) -> 0 | F19: =SUM(F16:F18) -> 0 | G19: =SUM(G16:G18) -> 0 | H19: =SUM(H16:H18) -> 0 | I19: =SUM(I16:I18) -> 0 | J19: =SUM(J16:J18) -> 0 | ... Q19: =SUM(Q16:Q18) -> 0
B21: 1분기 | C21: 2분기 | D21: 3분기 | E21: 4분기
B22: =SUM($G4:$G6) -> 0 | C22: =SUM(G8:G10) -> 0 | D22: =SUM(G12:G14) -> 0 | E22: =SUM(G16:G18) -> 0 | I22: 알코올의존 | J22: 그외 | L22: 병원유형
B23: 상반기 | D23: 하반기 | H23: 합 | I23: =COUNTIF('입원현황'!$H$2:$H$3,"알코올") -> 1 | J23: =SUM(B24:E24)-I23 -> -1 | L23: 공공 | M23: 민간
B24: =B22+C22 -> 0 | D24: =D22+E22 -> 0 | H24: 입원비율 | I24: =I23/SUM($I$23:$Q$23) -> #DIV/0! | J24: =1-I24 -> #DIV/0! | L24: =COUNTIF('입원현황'!$R$2:$R$3,"공공") -> 0 | M24: =(B24+D24)-L24 -> 0

Sheet 지역사회자원동원
A1: 번호 | B1: 날짜 | C1: 대상자명 | D1: 성별 | E1: 생년월일 | F1: 담당자 | G1: 연계센터 | H1: 사유 | I1: 비고 | J1: 결과 | K1: 실패사유
A2: 1 | B2: 2026.01.02 | C2: 전정규 | D2: 남성 | E2: 720211-1 | F2: 조국일 | G2: 국립중앙의료원 | H2: 건강검진 | J2: 외래연계
A3: 2 | B3: 2026.01.02 | C3: 유준광 | D3: 남성 | E3: 730201-1 | F3: 안영호 | G3: 국립중앙의료원 | H3: 건강검진 | J3: 외래연계
A4: 3 | B4: 46038 | C4: 라강열 | D4: 남성 | E4: 630102-1 | F4: 김영민 | G4: 국립중앙의료원 | H4: 건강검진 | J4: 종결 | K4: 건강검진결과 특이사항없음
A5: 4 | B5: 46045 | C5: 박성훈 | D5: 남성 | E5: 750120-1 | F5: 조국일 | G5: 국립중앙의료원 | H5: 건강검진 | J5: 외래연계
A6: 5 | B6: 46045 | C6: 김승미 | D6: 여성 | E6: 850625-2 | F6: 임종혁 | G6: 국립중앙의료원 | H6: 건강검진 | J6: 외래연계
A7: 6 | B7: 46048 | C7: 김이중 | D7: 남성 | E7: 750106-1 | F7: 최리선 | G7: 서울시 마약관리센터 | H7: 중독치료 | J7: 외래연계
A8: 7 | B8: 46059 | C8: 서정혁 | D8: 남성 | E8: 820103-1 | F8: 최리선 | G8: 국립중앙의료원 | H8: 건강검진 | J8: 외래연계
A9: 8 | B9: 46059 | C9: 이재섭 | D9: 남성 | E9: 600108-1 | F9: 조국일 | G9: 국립중앙의료원 | H9: 건강검진 | J9: 외래연계
A10: 9 | B10: 46059 | C10: 송수복 | D10: 남성 | E10: 571011-1 | F10: 조국일 | G10: 국립중앙의료원 | H10: 건강검진 | J10: 외래연계
A11: 10 | B11: 46066 | C11: 이정수 | D11: 남성 | E11: 861018-1 | F11: 임종혁 | G11: 국립중앙의료원 | H11: 건강검진 | J11: 종결 | K11: 검진결과 특이사항 없음
A12: 11 | B12: 46066 | C12: 박정식 | D12: 남성 | E12: 720104-1 | F12: 김영민 | G12: 국립중앙의료원 | H12: 건강검진 | J12: 종결 | K12: 검진결과 특이사항 없음
A13: 12 | B13: 46094 | C13: 이성도 | D13: 남성 | E13: 690302-1 | F13: 조국일 | G13: 국립중앙의료원 | H13: 건강검진
A14: 13 | B14: 46094 | C14: 장동림 | D14: 남성 | E14: 810317-1 | F14: 안영호 | G14: 국립중앙의료원 | H14: 건강검진
A15: 14 | B15: 46094 | C15: 전원표 | D15: 남성 | E15: 760904-1 | F15: 김영민 | G15: 국립중앙의료원 | H15: 건강검진
A16: 15
A17: 16
A18: 17
A19: 18
A20: 19
A21: 20
A22: 21
A23: 22
A24: 23
A25: 24
A26: 25
A27: 26
... A37: 36

Sheet 2026집중사례관리리스트
A1: 순번 | B1: 성명 | C1: 생년 월일 | D1: 성별 | E1: 담당자 | F1: 주요 노숙지역 | G1: 위험내용 (보유질병 등) | H1: 현재상태 (거리노숙/임시주거/일시보호/입원 등) | I1: 개입방향 (치료지원/시설입소/임시주거/취업지원/수급신청/긴급지원) | J1: 최근 3개월 조치 및 지원내용
A2: 1 | B2: 유미자 | C2: 610202 | D2: 여 | E2: 조국일 | F2: 서울역광장 | G2: 정신질환의심 | H2: 거리노숙 | I2: 치료지원 | J2: - 9/10일 자원봉사자가 물을 나눠준다고 이야기 하자 독극물을 투척한다며 가위로 찌르려 함. 응급입원 진행하려 했으나 도망감. 이에 행정입원 신청 예정 - 10/25 공무원 연금공단 생존확인 협조지원 - 11월 서울역 아웃리치통해 주기적으로 정신병적 증상 및 상태 체크중. 거부감이 심해 자타해 위험성만 모니터링중임. - 25/1/30 아웃리치 통한 확인(지속적인 관계형성 진행) - 25/2/8 아웃리치 통한 확인 - 25/3/4 아웃리치 통한 확인 - 25/4/22 아웃리치 통한 확인 - 25/5/26 아웃리치 통한 확인 - 25/6/17 아웃리치 통한 확인 - 25/7/9 아웃리치 통한 확인 - 25/8/12 당사자 위치 파악 안됨 - 25/9/4 당사자 위치 파악 안됨 - 25/10/12 당사자 위치 파악 안됨 - 25/11/14 희망지원센터 이용 확인 - 25/11/25 당사자 위치 파악 안됨 - 25/12/25 당사자 위치 파악 안됨 -26/1/23 아웃리치를 통한 위치 확인(서울역 대합실) - 26/2/02 아웃리치를 통한 위치 확인(서울역대합실)
A3: 2 | B3: 김정관 | C3: 721001 | D3: 남 | E3: 안영호 | F3: 서울역 광장 | G3: 정신질환의심, 만성 폐쇄성폐질환, 결핵치료 이력 | H3: 거리노숙 | I3: 치료지원 | J3: - 과거 다제내성결핵판정 후 모든 서비스 및 상담, 조치에 강한 거부감을 가지고 계신 분으로 서울역광장에 홀로 계심. - 9/10 은평의마을 퇴소 후 재노숙 중, 수급 재신청 등 서비스 권유 예정 - 11/13 서북병원 입원진행 - 11월 말 경 답답하다며 서북병원 퇴원 함 - 12월 서울역 광장에서 보이지 않음, 누나 집으로 귀가 한 것으로 추정됨 - 25년 3월 현재 서울역 광장에서 보이지 않음 - 25년 5월 현재 서울역 광장에서 보이지 않음 - 25년 6월 현재 서울역 광장에서 보이지 않음 - 25년 7월 은평의마을 퇴소 후 거리 노숙중 - 25/8/10 아웃리치 통한 확인 - 25/9/23 아웃리치 통한 확인 - 25/10/21 서북병원 퇴원(10/10 입원) - 25/11/14 아웃리치 통한 확인 - 25/12/12 서북병원 퇴원 연락 - 26/1 당사자 위치 파악 안됨 - 26/2/26 만성폐쇄성폐질환으로 숨을 몰아쉼, 입원 희망하여 서북병원 입원 연계 조치 함
A4: 3 | B4: 박매월 | C4: 610503 | D4: 여 | E4: 조국일 | F4: 서울역 광장 | G4: 조현병 | H4: 거리노숙 | I4: 치료지원 | J4: - 만성화된 여성노숙인으로 정신과질환 등으로 적절한 상담에 어려움이 있는 분임. - 8월중 희망지원센터 주간에 계속 이용 중이며 야간에도 계속 보호중임, 모니터링중 - 10/24 아웃리치 통한 확인 - 11/27 아웃리치 통한 확인/ 센터에서 지속 보호중 증상은 있지만 위험상황 아님 - 25/1/28 아웃리치 통한 확인 - 25/2/3 아웃리치 통한 확인 - 25/3/3 아웃리치 통한 확인 - 25/4/30 옷방 물품지급 - 25/5/30 옷방 물품지급 - 25/6/17 아웃리치 통한 확인 - 25/7/23 지원금 신청 안내 - 8월 희망지원센터 보호하며 증상 모니터링 지속 - 25/10/23 응급구호방 보호 - 25/11/14 희망지원센터 앞 텐트 노숙 중 - 25/11/27 아웃리치 통한 확인 - 25/12/11 아웃리치 통한 확인 - 26/1 희망지원센터 앞 텐트 노숙 중 - 26/2 희망지원센어 앞 텐트 노숙 중 확인
A5: 4 | B5: 홍순창 | C5: 680824 | D5: 남 | E5: 박상준 | F5: 숙대입구역 | G5: 알코올의존증 | H5: 고시원 | I5: 치료지원 | J5: 알콜의존증 대상자로 반일제 참여 및 임시주거지원 이력 다수 있으나 장기적으로 유지되진 않음 - 12/12 적십자병원 신경과 진료 - 12/13 라엘마음병원 자의입원 - 12/23 라엘마음병원 퇴원 - 12/29 해상병원 응급입원->행정전환 - 25/1/15 해상병원 외출동행 지원 - 25/2/24 해상병원 외출동행 지원 - 25/3/31 임시주거지원(김영민t) - 25/4/29 임시주거물품지원 신청 - 25/5/30 아웃리치 통한 상담 - 25/6/17 자의입원 연계 - 25/8/27 발등 상처로 밴드 지급 - 25/10/6 감기 호소하여 의약품 지급 - 25/11/14 수급자로 본인 주거지(고시원) 거주 중 - 25/11/30 심야응급구호방 보호 - 25/12/26 정기주거방문상담 - 26/1/28 라엘마음병원 진단및보호신청 - 26/2 행정입원 전환 및 동 병원 입원 중 확인
A6: 5 | B6: 손홍열 | C6: 520909 | D6: 남 | E6: 안영호 | F6: 종로학사 | G6: 알코올의존증 | H6: 거리노숙 | I6: 치료지원 | J6: - 알코올의존증을 동반한 폭력행위로 수감 후 출소하여 거리생활 지속 중, 고령 및 시각장애 거동 어려움으로 위기개입 필요성 높음 - 9/23 임시주거지원 및 수급신청 - 9/25 현장간호 건강사정 - 10/11 고시원 이용확인 안됨 - 10/22 아웃리치 확인 - 11/28 서북병원 입원연계 - 25/1/20 서북병원 탈원 후 위치확인 진행 중 - 25/3/10 거리에서 발견안됨 - 5월 거리에서 발견안됨 - 25/7/17 아웃리치 통한 상담 - 25/8/30 아웃리치 통한 상담 - 25/9/16 치료 및 입소상담 - 25/9/17 아웃리치 통한 상담 - 25/11/07 아웃리치 상담 확인(현 수급자) - 25/11/30 심야응급구호방 보호 - 25/12/12 주간응급구호방 보호 -25/12/30 고시원 입실 확인 (종로학사) - 26/1 고시원 입실 유지 확인(종로학사) - 26/2 고시원 입실 유지 확인(종로학사)
A7: 6 | B7: 이혜진 | C7: 840219-2 | D7: 여 | E7: 최리선 | F7: 서울역광장 | G7: 지적장애인 | H7: 거리노숙 | I7: 위기개입 | J7: -광주시에 가족과 집이 있으나 자주 서울역에서 관찰됨. -남성노숙인이 추행을 하거나 집으로 데려가는 모습 목격되며 임신가능성이 농후함. -2021년 중절수술 후 피임시술 하였고 유효기간이 만료되었음. 재시술을 위해 상담 진행 중임. - 10/24 실종신고 접수 확인 및 경찰인계 - 11/27 아웃리치 통한 상태확인 - 12/12 응급구호방 보호 - 25/3/11 응급구호방 보호 - 25/5/29 아웃리치 통한 상태확인 - 25/8/23 아웃리치 통한 상담 - 25/9/12 아웃리치 통한 상태확인 / 응급구호방 보호 - 25/11월 연락두절 -25/12월 아웃리치를 통한 상태확인 - 26/1 현재 위치 파악 안됨 - 26/2 아웃리치를 통한 상태확인/ 귀가 거부 등
A8: 7 | B8: 양인수 | C8: 740518 | D8: 남 | E8: 조국일 | F8: 서울역광장 | G8: 알코올의존 | H8: 병원 | I8: 치료지원 | J8: 입퇴원 반복되고 있고 음주 후 공격성 높음 희망지원센터 실무자를 대상으로 폭언, 주변 노숙인들에게 빈번하게 폭행 지속됨 알코올 문제로 인한 자타해 위험성 존재 함 위기개입 예정 25/1/8 도은병원 입원치료 연계 25/1/14 라엘마음병원 응급인원 연계 - 현재 라엘마음병원 입원 유지중 4월중 퇴원예정 - 25/4/28 응급입원 연계 - 25/8/17 폭행 및 벌금 미납으로 인한 경찰 연행 - 출소 후 구호방 보호 후 병원 개입 - 25/9/9 응급입원 진행(김포다은병원) -25/11/14 입원 중 확인 - 25/12/23 자의입원 연계(여주 세민병원) - 26/1/27 응급입원 연계 (라엘마음병원) - 26/2 행정입원 전환 및 동병원 입원 중 확인
A9: 8 | B9: 엄성기 | C9: 750211 | D9: 남 | E9: 김영민 | F9: 서울역 | G9: 조현병 | H9: 병원 | I9: 위기개입 | J9: 21/6/28-21/9/10 지나가는 행인들에게 고성, 욕설, 피해망상보여 행정입원 편집성 조현병, 피해망상으로 인한 자타해위험성 높음 21/9/14 비전트레이닝센터 입소, 21/9/28 퇴소 후 서울역에 텐트를 치고 노숙 24/8/19 임시주거 1회차 지원 및 노정신과의원 외래진료지원 24/8/28 전입, 긴급, 수급 신청 지원 25/2/26 연세빌딩 지하도 노숙 25/3/1 롯데마트 후문 텐트촌 노숙시작 25/4/30 서울시 민원 접수(타해위험) -25/5/30 아웃리치 통한 확인 - 25/6/30 치료상담 - 25/07/02 동안성병원자의입원 완료/위기대상 명단 삭제필요 - 25/8/24 아웃리치 통한 확인(병원 퇴원) - 25/9/16 치료 및 입소상담 - 25/10/29 아웃리치 통한 상담 - 25/11/14 아웃리치 통한 확인 - 25/11/25 아웃리치 통한 확인 - 25/12/24 소재파악안됨 - 26/01 소재파악 안됨 - 26/02/21 아웃리치를 통한 상담
A10: 9 | B10: 노일복 | C10: 790115 | D10: 남 | E10: 조국일 | F10: 남대문지하도 | G10: 알코올의존 | H10: 연락두절 | I10: 치료지원 | J10: 22/4/5~24/6/20 김포다은병원 응급입원 알코올의존, 비기질성정신병 5/7 실무자 폭행 5/9 센터 내 소란 5/19 거리에서 음식물 주워서 섭취 5/23 광장에 누워 혼잣말을 하는 등 주취상태로 이상행동 보임 5/23 발등 피부가 벗겨지고 진물이 흐르는 상태. 상처가 악취를 동반하며 괴사 진행중인 상황임 위 상황을 종합 하였을때 자타해 위험성 매우 높은 상황으로 위기개입 결정하여 도은병원 응급입원 시행 - 25/8/20 퇴원, 내방시 사후관리 예정 - 25/11/14 연락두절 -25/12월 소재파악안됨 -26/1월 소재파악 안됨 - 26/3/09 아웃리치를 통한 소재파악 및 상담(남대문 지하도)
A11: 10 | B11: 김진수 | C11: 641124 | D11: 남 | E11: 박상준 | F11: 서울역 | G11: 알코올의존 | H11: 고시원 | I11: 치료지원 | J11: 24/9/13 주거유지 못하여 수급 2종으로 변경, 음주 재발 24/9/20 주거 지원 24/11/20 외래 예약하였으나 음주 지속으로 진료연계가 되지 않고 이탈 25/5/13 재의뢰되어 병원 예약 지원 25/5/20 국립중앙의료원 외래 동행 5/30 지속된 음주로 병원입원 설득하였으나 거부 25/6/29 심야 응급구호방 보호 25/7/24 심야 응급구호방 보호 25/8/23 심야 응급구호방 보호 25/10/31 혈압체크 및 복약관리 진행 25/11/30 혈압체크 및 복약관리 진행 25/12/8 간암수술 25/12/31 혈압체크 및 복약관리 진행 26/1 매일 희망지원센터 방문, 혈압체크 등 복약관리 진행 26/2 매일 희망지원센터 방문, 혈압체크 등 복약 및 건강관리 진행 중
A12: 11 | B12: 김칠복 | C12: 770930 | D12: 남 | E12: 최리선 | F12: 서울역 | G12: 알코올의존,조현병 | H12: 거리노숙 | I12: 위기개입 | J12: 정신건강팀에서 사례관리하여 지원주택까지 입주하였으나 증상으로 인해 퇴거한 후 고시원에서 살아옴. 조현병 진단을 받은 대상자로 꾸준한 약물 복용이 필요하나 음주로 인해 증상관리가 되지 않아 입퇴원 반복해옴. 2025년 2월 지역 알코올중독재활시설 연계 및 사례관리 이관된 후 연락이 없다가 최근 7월부터 희망지원센터 내방하였고, 망상으로 인해 이전과 다르게 적대적인 모습 보이며 직원과 노숙인들에게 시비걸며 공격적인 모습보임. -9/1 라엘마음병원 응급입원 -9/4 음성소망병원, 9/12아미고병원 행정입원 진행, 9/22퇴원 -이후 서울역광장에서 배회하는 모습 보이고 있음. -9/26 심야응급구호방 보호 -9/27 심야응급구호방 보호 -9/28 심야응급구호방 보호 -10/3 아웃리치 통한 상담 -25/12/22 결핵검진(정상) - 26/1월 우체국 지하도 노숙 중 확인, 문제행동 시 위기개입 예정 - 26/2/09 서울역사 내 환경미화원 폭행으로 철도경찰 연행 및 검찰송치 확인
A13: 12 | B13: 박종원 | C13: 620820-1 | D13: 남 | E13: 안영호 | F13: 서울역 | G13: 양극성장애 | H13: 병원 | I13: 치료지원 | J13: -24/8/8 행정입원 퇴원 후 지역에서 주거유지 하다 약물관리 되지 않아 증상 재발하여 25/9/6 재내방 함. 과대망상 및 고양된 사고 및 이상행동 등 관찰 됨 -25/9/25 도로 위에서 양팔을 지휘하 듯이 휘젓는 행위 지속, 차도로 뛰어 드는 행위 관찰, 위기개입 시도 했으나 봉와직염 등으로 인해 타과 진료 진행 하기로 함 -25/10/1 위에서 언급한 이상행동 및 도로로 뛰어드는 등 자타해 문제로 응급입원 진행 (해상병원) -25/11/14 행정입원 전환 및 입원 중 확인 -25/12/30 입원 유지중 확인 - 26/1 입원 유지 중 확인 - 26/2 입원 유지 중 확인
A14: 13 | B14: 조남선 | C14: 640225-1 | D14: 남 | E14: 박상준 | F14: 서울역 | H14: 병원 | I14: 치료지원 | J14: (2025/06/09 교도소(대전, 폭행) 출소 후 센터 자진 내소. 정신증상(불면, 기분고양, 충동성) 호소하며 입원 희망. 은평병원 자의입원 연계.) (2025/08/19 8/10 은평병원 퇴원(퇴원약 미수령) 후 거리생활. 자살 충동 및 구치소 수감(벌금)에 대한 두려움 호소하며 센터 내소. 은평병원 자의입원 연계.) (2025/10/14 10/13 23시경 정신과약 50알 자살 목적으로 복용. 국립중앙의료원 응급실 이송. 보호자 부재로 센터 개입. 응급입원 진행.) 2025/11/14 입원 중 확인 25/12/23 혁신성모병원 자의입원 연계 26/1월 입원 유지 중 확인
A15: 14 | B15: 표성용 | C15: 650223-1 | D15: 남 | E15: 조국일 | F15: 서울역 | G15: 조현정동장애 | H15: 병원 | I15: 치료지원 | J15: (2025/09/17 입원 권유 등 (낮병원 직원이 아르바이트를 '보이스피싱'이라 만류한 것에 강한 분노/피해망상 보임. 입원 권유했으나 유보적.)) (2025/10/02 증상악화에 따른 상담 (낮병원 직원/원장에 대한 강한 분노, '보이스피싱' 아님을 주장. 피해망상 확산. 위기개입 고려.)) (2025/10/02 정기주거방문상담 (부재. 고시원 원장이 월세 체납, 기물파손(변기 막음), 입주민/원장에게 폭언 등 행동장애 호소.)) (2025/10/17 112신고 후 퇴실 조치함 (07시경 사무실 방문, 직원에게 욕설 및 "초등학교 나왔냐" 등 인격모독. 112 신고 후 퇴실 조치.)) (2025/10/17 폭언 난동에 따른 상담 (사무실에서 노래, 욕설. "AI로 1조 벌어야 하는데 사기라고 방해한다"는 피해망상. 경찰관 연계.)) (2025/10/21 위기개입 (전일 고시원 퇴실. 희망지원센터/낮병원에서 욕설, 폭행, 기물파손 시도. 경찰 출동 및 해상병원 응급입원 진행.)) 2025/11/14 입원 중 확인 2025/12 입원 중 확인 26/1월 입원 유지 중 확인 26/2월 입원 유지 중 확인
A16: 15 | B16: 유철훈 | C16: 820806-1 | D16: 남 | E16: 안영호 | F16: 서울역 | G16: 알코올의존 | H16: 병원 | I16: 치료지원 | J16: 정신건강팀에서 장기사례관리 하던 분으로 2023년 늘푸른자활의집 교육과정으로 수료하고 퇴소 하여 지역사회에서 일을 하며 생활 하다 음주 재발하여 2025년 7월 경 내방 함. 25/08/01 췌장염으로 인한 복부통증 호소 적십자 병원 내과 입원 25/09/23 임시주거 희망, 입실지원 25/10/24 공익법 센터 변호사 법률 상담. 헐값에 팔아넘긴 차량 관련 문의 25/10/29 음주 재발하여 폭력적인 행동으로 응급입원 조치 함 (해상병원) 25/11/14 행정입원 중 확인 25/12 행정입원 중 확인 26/1/28 행정입원 해제 후 퇴원, 현재 연락 두절 26/2/11 췌장염으로 인한 통증 호소, 119 이송 및 입원 (적십자병원)
A17: 16 | B17: 권창희 | C17: 20010823-1 | D17: 남 | E17: 안영호 | F17: 서울역 | G17: 알코올의존 | H17: 거리노숙 | I17: 치료지원 | J17: 25/6/19 상담의뢰, 시각장애 및 알콜의존으로 이전 다수 입원 이력 보고. 음주조절의 어려움 호소 하며 입원 지원 요청 함. 다음날 자의입원 하기로 했으나 상담 후 폭음하여 상담자에게 시비를 거는 등 폭력적인 모습 관찰 됨. 25/11/05 박아론 경위와 사례논의 25/11/14 보호자 통화, 현재 위기상황 공유 보호자 동의입원 협조 요청. 차후 박아론 경위, 보호자 협조하 위기개입 예정임. 25/12 아웃리치 중 상태 확인 26/01/23 희망지원센터 야간 잠자리 이용 26/02/16 아웃리치를 통한 확인
A18: 17 | B18: 박문진 | C18: 570325-1 | D18: 남 | E18: 안영호 | F18: 서울역 | G18: 알코올의존 | H18: 병원 | I18: 치료지원 | J18: 25/9/17 촉탁의 현장 진료 연계 25/11/19 말소 복원 및 수급신청 등 공적서비스 제공 25/11/21 행정입원 조치 (여주세민병원) 25/12/5 임시주거 2회차 지원 25/12 행정입원 유지 확인 26/1 입원 유지중 확인 26/02 입원 유지 중 확인
A19: 18 | B19: 김단비 | C19: 820424-2 | D19: 남 | E19: 안영호 | F19: 서울역 | G19: 알코올의존 | H19: 병원 | I19: 치료지원 | J19: 25/2/20 금일 해상병원 퇴원 확인, 다음주 중 재입원 희망하여 2/25 재상담 예정 25/3/21 김포다은병원 퇴원, 일자리 제안 받아 일을 시작 할 예정이라 보고, 안정적인 지역 정착시 사례종결 예정 25/08/07 해상병원 입원 중 술반입으로 강제퇴원 됨. 25/08/20 임시주거 입실지원 25/11/3 음주 상태에서 발을 헛디뎌 발목 골절, 적십자 병원 정형외과 진료 11/5 입원 후 수술 예정(장기입원 예상됨) 25/11 골절 수술 후 입원 유지 중 (적십자 병원) 26/1 입원 유지 중 확인 26/2/26 퇴원 후 구로 소재 고시원 주거지 이전 확인
A20: 19 | B20: 김종준 | C20: 6307812-1 | D20: 남 | E20: 안영호 | F20: 서울역 | G20: 알코올의존 | H20: 주거지 | I20: 치료지원 | J20: 25/3월 벌급형 수감 확인 25/6/25 구치소 출소 확인, 주거지 유지 및 절주 당부 25/11/19 새벽 시간 타 노숙인과 어울려 음주 하다 싸움에 휘말려 말리다 폭행을 당히 이마에 열상을 입음. 119 조치 후 희망지원센터 보호. 음주 조절력 상실로 입원 권유., 금일 백암 병원 입원 조치 함 25/12/30 의료상담 26/1 고시원 거주 확인, 퇴원 후 알콜치료 받고 있지 않음 26/2 아웃리치를 통한 확인
A21: 20 | B21: 최성웅 | C21: 830701-1 | D21: 남 | E21: 안영호 | F21: 서울역 | G21: 정신질환 | H21: 병원 | I21: 치료지원 | J21: • 2025-03-13: 대상자의 현 상황을 확인하기 위한 상담을 진행함. • 2025-03-17: 시설 입소를 희망하였으나 초기에는 보호자 거부로 귀가 안내를 받았고, 이후 민원 발생 및 보호자의 요청에 따라 시설 연계를 추진함. • 2025-03-31: 시설 입소가 불가능해지자 자의 입원에 동의하였으며, 당일은 심야 응급구호방에서 보호를 받음. • 2025-04-01: 병원에 자의 입원할 수 있도록 연계 조치를 취함.(축령병원) • 2025-04-29: 입원 중인 병원을 직접 방문하여 현장 사례관리를 수행함. • 2025-04-30: 보호자에게 연락하여 대상자의 간식비 입금 및 병원 측 연락을 요청함. • 2025-06-13: 기초생활수급 신청 상담을 진행하고, 7월 초에 진단서를 지참하여 신청하기로 협의함. • 2025-07-10: 수급 신청 관련 논의 및 보호자와의 단절 희망 의사를 확인하였으며, 신청을 위한 복귀 일정을 안내함. • 2025-07-25: 임시주거 시설 입실 및 필요한 공적 서비스를 지원함. • 2025-07-28: 보호자와의 갈등으로 연락이 차단되어 중재 시도 함 • 2025-08-01: 담당자 연계를 통해 파랑새정원에 임시주거 1회차 입실 지원을 완료함. • 2025-09-18: 타 시설 또는 병원으로의 전원 상담을 실시함. • 2025-10-01: 병원 입원과 관련한 상담을 진행함. • 2025-10-02: 동안성병원에 자의 입원할 수 있도록 연계함.(동안성병원) • 2025-10-10: 병원 입원확인증 발송 업무를 처리함. • 2025-12-16: 향후 입원 및 퇴원 계획에 관한 상담을 진행함. * 26/01/14 동안성 병원 퇴원 후 백암병원 재입원 연계(자의입원) * 26/02/03 백암병원 퇴원 후 축령정신병원 재입원 연계 (자의입원)
A22: 21 | B22: 엄재석 | C22: 800106-1 | D22: 남 | E22: 안영호 | F22: 서울역 | G22: 정신질환 | H22: 병원 | I22: 치료지원 | J22: • 2025-01-09: 퇴원 후 근로능력평가서 발송을 요청하고 지원주택 신청 및 퇴원 후 생활 계획에 대한 정보를 제공받음. • 2025-01-31: 서부보호관찰소로부터 대상자 행방불명에 따른 법적 수배 예정 통보를 받고 소재 파악 시 연락할 것을 접수함. • 2025-04-30: 구치소 출소 후 상담을 진행하여 향후 계획을 논의하고 재상담 일정을 조율함. • 2025-06-01: 음주 만취 상태로 노상방뇨 및 신체 노출 등 소란을 피워 시설 이용 불가 고지를 받음. • 2025-06-02: 만취 상태의 문제행동으로 인해 김포다은병원에 자의 입원할 수 있도록 연계함. • 2025-09-16: 만취하여 비를 맞고 있는 상태로 파출소에서 인수되어 주간 응급구호방에서 보호를 받음. • 2025-11-29: 구치소 출소 후 음주 상태로 내방 • 2025-11-30: 장취 및 자살 사고 발생으로 인한 위기 상황으로 김포다은병원 응급입원을 연계함. • 2025-12-22: 주민등록증 재발급을 위한 증명사진을 촬영하고 주간 및 심야 응급구호방에서 보호를 받음. • 2025-12-23: 퇴원 후 수급비를 음주로 탕진하고 재입원을 거부하였으나, 골절 의심 소견에 따라 정형외과 진료 예약을 진행함. • 2025-12-24: 만취 난동에 따른 위기 개입시도 함 • 2025-12-27: 만취 상태로 시민과 시비가 붙고 상담원에게 공격적인 태도를 보여 응급구호 조치함 * 2026/01 보호관찰소 교육 수강 중 확인 * 2026/02 보호관찰소 교육 불이행으로 재수감
A23: 22 | B23: 오동영 | C23: 960106-1 | D23: 남 | E23: 임종혁 | F23: 서울역 | G23: 우울 | H23: 병원 | I23: 치료지원 | J23: • 2025-07-25: 과거 히키코모리 생활 및 우울증 병력을 밝히며 쉼터 입소를 요청하였고, 정신상태평가(MSE)를 통해 입원 치료 및 자립 계획을 수립함. • 2025-07-28: 해상병원에 자의 입원할 수 있도록 연계 조치를 취함. • 2025-08-08: 병원 폐쇄병동 생활의 어려움으로 인해 타 병원으로의 전원을 희망함. • 2025-08-20: 병원 퇴원을 요청하며 향후 임시주거 지원을 통해 자립을 도모하기로 계획함. • 2025-08-21: 퇴원 후 센터를 내방하여 낮병동 치료를 시작하기로 하고 임시주거 상담 일정을 확정함. • 2025-09-09: 임시주거지 입실과 함께 전입신고 및 소비쿠폰 신청 등 공적 서비스를 지원받음. • 2025-10-15: 무기력감으로 인한 낮병동 참여 저조로 주거지를 방문하여 생활 관리 및 약물 조정을 지원함. • 2025-11-13: 위생 상태 불량 및 일상생활 균형이 무너진 것을 확인하고 증상 미완화 시 입원하기로 협의함. • 2025-11-21: 우울감 및 무력감 심화로 인해 라엘정신건강의학과에 자의 입원함. • 2025-12-16: 치료 중단 및 사례관리 비협조로 인해 임시주거 지원을 종료하고 비전트레이닝센터로 입소 연계함. * 26/1월 20 비전 입소 유지 확인 * 26/02 비전 입소 유지 확인
A24: 23 | B24: 김태승 | C24: 790224-1 | D24: 남 | E24: 김영민 | F24: 서울역 | G24: 알코올의존 | H24: 병원 | I24: 치료지원 | J24: • 2025-01: 전립선 질환 건강교육에 참여하고 두통 및 치통 완화를 위한 비상약을 지원받음. • 2025-03: 정신건강의학과 정기 외래 진료 지원 및 정서적 지지를 위한 상담을 진행함. • 2025-04: 동부병원 정신건강의학과에서 정기적인 외래 진료 지원을 받음. • 2025-05: 결핵 검진(정상) 및 근골격계 질환 교육에 참여하며 시설 이용 근황을 상담함. • 2025-06: 정신건강의학과 정기 외래 진료와 함께 안정적인 정서 유지를 위한 면담을 실시함. • 2025-07: 민간 취업 관련 상담을 진행하고 가벼운 외상에 대한 의약품을 지급받음. • 2025-08: 정신과 진료의뢰서 발급 지원 및 하이인룸 이용 유지를 위한 재심사를 통해 자립 의지를 확인함. • 2025-09: 고혈압 관리 및 예방을 주제로 한 건강교육에 참여함. • 2025-11: 정기 결핵 검진을 실시하고 음주 재발로 인해 동부병원 해독센터 입원을 연계함. • 2025-12: 하이인룸 재입실 후 단주 상담을 진행했으나, 이후 다시 만취 상태로 발견되어 응급 보호 및 병원 입원 조치를 취함. * 26/1월 소재파악 불가 * 26/2월 다시서기 센터 잠자리 이용중 확인
A25: 24 | B25: 정재창 | C25: 670807-1 | D25: 남 | E25: 최리선 | F25: 서울역 | G25: 알코올의존 | H25: 병원 | I25: 치료지원 | J25: • 2025년 01월: 인지 및 기억력 저하로 치매 검사를 설득하여 경도 치매 진단을 받았으며, 향후 정형외과 진료 및 입원 계획을 수립함. (라엘정신건강의학과) • 2025년 06월: 정신 쇠약과 흉통 증상으로 인해 응급실을 거쳐 내과에 입원함. (서울적십자병원) • 2025년 11월: 서북병원 퇴원 직후 정신과적 치료를 지속하기 위해 자의 입원함. (서북병원, 라엘정신건강의학과) • 2025년 12월: 자의퇴원 후 재음주 거리노숙 확인. 음주 후 난동 폭력 등 문제행동 관찰 됨 • 2026년 1월 : 13일 김포다은병원 진단 및 보호신청 * 2026/ 02 행정입원 전환 및 동병원 입원 중 확인
A26: 25 | B26: 이준열 | C26: 980525-1 | D26: 남 | E26: 최리선 | F26: 서울역 | G26: 우울증 | H26: 병원 | I26: 치료지원 | J26: • 2025년 01월: 낮병동 진료를 병행하며 시설 내 응급구호방에서 지속적인 보호를 받음. (노정신건강의학과) • 2025년 02월: 결핵 검진을 실시하고 시설 보호 중 발생한 외상에 대한 소독 및 의약품 지원을 받음. • 2025년 03월: 알코올 의존증 치료를 위해 3개월 입원을 약속하고 정신병원에 자의 입원함. (해상병원) • 2025년 04월: 병원 입원 생활을 안정적으로 유지하며 기초생활수급 신청 업무를 지원받음. (해상병원) • 2025년 05월: 병원 자의 퇴원 후 노숙 생활로 복귀하였으나 임시주거 지원을 통해 다시 고시원에 입실함. (해상병원, 소호리빙텔) • 2025년 06월: 전입신고 및 주거급여 신청을 완료하고 근로능력평가를 위한 진단서를 제출함. (소호리빙텔) • 2025년 07월: 낮병동 치료에 성실히 참여하며 기초생활수급 유지를 위한 보완 서류를 제출함. (노정신건강의학과) • 2025년 08월: 장기간의 폭음으로 고시원에서 퇴실 조치된 후 다시 정신병원에 자의 입원함. (김포다은병원) • 2025년 09월: 병원 퇴원 후 센터 내 응급구호방에서 보호를 받으며 단주 의지를 재확인함. • 2025년 10월: 만취 및 오염된 상태로 발견되어 긴급 구호 조치를 받았으며 낮병동 치료를 독려함. • 2025년 11월: 지원주택 면접에 미참여하는 등 불안정한 모습을 보이다가 알코올 치료를 위해 재입원함. (김포다은병원) • 2025년 12월: 병원 퇴원 후 음주 상태로 센터를 내방하여 향후 계획을 논의함. 26/01 연락두절 26/02 연락두절
... A65: 64 | B65: 임종배 | C65: 810515-1 | D65: 남 | E65: 안영호 | F65: 서울역 | G65: 알코올의존,우울증,자살시도 | H65: 입원중 | I65: 치료지원 | J65: 2025년 10월: 전 재산 소진으로 노숙을 시작하여 센터에 유입된 후, 심한 우울증과 도박 중독을 확인하였으며 장출혈 의심 등으로 두 차례 응급실로 이송됨 2025년 11월: 장출혈 치료를 무사히 마치고 퇴원하여 임시주거((소호리빙텔))에 입실하는 등 본격적인 자립 및 경제적 지원을 시작함 2025년 12월: 정기적인 상담 및 임시주거 기간 연장을 통해 (소호리빙텔)에서 안정적으로 거주할 수 있도록 지원함 2026년 02월: 고시원 퇴거와 재음주로 인해 자살 시도 위기가 발생하여 (노정신건강의학과) 진료 및 (적십자병원) 위궤양 치료를 병행하며 새로운 임시주거를 연계함 2026년 03월 : 만취 상태로 주거지 내 자살시도, 경찰 출동하여 제지 후 해상병원으로 응급입원 조치 됨. 72시간 입원 해제 후 복합질환 가능한 병원으로 행정입원 조치 됨 (도은병원)
A66: 65
A67: 66
A68: 67
A69: 68
A70: 69
A71: 70
A72: 71
A73: 72
A74: 73
A75: 74
A76: 75
A77: 76
... A82: 81

Sheet 연계실적
B1: 월 | C1: 주 | D1: 성별 | F1: 내방경위 | L1: 구 분
D2: 남 | E2: 여 | F2: 센터거리상담반 | G2: 위기대응콜 | H2: 구청 등 유관기관 | I2: 노숙인방문 | J2: 노숙인시설개입요청 | K2: 직접발굴 | L2: 신규 | M2: 노숙인 | N2: 수급권 | O2: 재노숙 | P2: 비노숙인 | Q2: 외국인
B3: 총합 | C3: =SUM(D3:E4) -> 36 | D3: =SUM(D10,D16,D22,D28,D34,D40,D46,D52,D58,D64,D70,D76) -> 31 | E3: =SUM(E10,E16,E22,E28,E34,E40,E46,E52,E58,E64,E70,E76) -> 5 | F3: =SUM(F10,F16,F22,F28,F34,F40,F46,F52,F58,F64,F70,F76) -> 0 | G3: =SUM(G10,G16,G22,G28,G34,G40,G46,G52,G58,G64,G70,G76) -> 1 | H3: =SUM(H10,H16,H22,H28,H34,H40,H46,H52,H58,H64,H70,H76) -> 4 | I3: =SUM(I10,I16,I22,I28,I34,I40,I46,I52,I58,I64,I70,I76) -> 31 | J3: =SUM(J10,J16,J22,J28,J34,J40,J46,J52,J58,J64,J70,J76) -> 0 | K3: =SUM(K10,K16,K22,K28,K34,K40,K46,K52,K58,K64,K70,K76) -> 0 | ... Q3: =SUM(Q10,Q16,Q22,Q28,Q34,Q40,Q46,Q52,Q58,Q64,Q70,Q76) -> 0
B5: 1월 | C5: 1 | D5: =countifs('연계대장'!$B$5:$B$343,$S$6,'연계대장'!$C$5:$C$343,$T6,'연계대장'!$L$5:$L$343,D$2) -> 4 | E5: =countifs('연계대장'!$B$5:$B$343,$S$6,'연계대장'!$C$5:$C$343,$T6,'연계대장'!$L$5:$L$343,E$2) -> 2 | F5: =countifs('연계대장'!$B$5:$B$343,$S$6,'연계대장'!$C$5:$C$343,$T$6,'연계대장'!$E$5:$E$343,F$2) -> 0 | G5: =countifs('연계대장'!$B$5:$B$343,$S$6,'연계대장'!$C$5:$C$343,$T$6,'연계대장'!$E$5:$E$343,G$2) -> 0 | H5: =countifs('연계대장'!$B$5:$B$343,$S$6,'연계대장'!$C$5:$C$343,$T$6,'연계대장'!$E$5:$E$343,H$2) -> 1 | I5: =countifs('연계대장'!$B$5:$B$343,$S$6,'연계대장'!$C$5:$C$343,$T$6,'연계대장'!$E$5:$E$343,I$2) -> 5 | J5: =countifs('연계대장'!$B$5:$B$343,$S$6,'연계대장'!$C$5:$C$343,$T$6,'연계대장'!$E$5:$E$343,J$2) -> 0 | K5: =countifs('연계대장'!$B$5:$B$343,$S$6,'연계대장'!$C$5:$C$343,$T$6,'연계대장'!$E$5:$E$343,K$2) -> 0 | L5: =countifs('연계대장'!$B$5:$B$343,$S$6,'연계대장'!$C$5:$C$343,$T6,'연계대장'!$I$5:$I$343,L$2) -> 0 | M5: =countifs('연계대장'!$B$5:$B$343,$S$6,'연계대장'!$C$5:$C$343,$T6,'연계대장'!$I$5:$I$343,M$2) -> 6 | N5: =countifs('연계대장'!$B$5:$B$343,$S$6,'연계대장'!$C$5:$C$343,$T6,'연계대장'!$I$5:$I$343,N$2) -> 0 | O5: =countifs('연계대장'!$B$5:$B$343,$S$6,'연계대장'!$C$5:$C$343,$T6,'연계대장'!$I$5:$I$343,O$2) -> 0 | P5: =countifs('연계대장'!$B$5:$B$343,$S$6,'연계대장'!$C$5:$C$343,$T6,'연계대장'!$I$5:$I$343,P$2) -> 0 | Q5: =countifs('연계대장'!$B$5:$B$343,$S$6,'연계대장'!$C$5:$C$343,$T6,'연계대장'!$I$5:$I$343,Q$2) -> 0 | S5: 월 | T5: 주
C6: 2 | D6: =countifs('연계대장'!$B$5:$B$343,$S$6,'연계대장'!$C$5:$C$343,$T7,'연계대장'!$L$5:$L$343,D$2) -> 2 | E6: =countifs('연계대장'!$B$5:$B$343,$S$6,'연계대장'!$C$5:$C$343,$T7,'연계대장'!$L$5:$L$343,E$2) -> 0 | F6: =countifs('연계대장'!$B$5:$B$343,$S$6,'연계대장'!$C$5:$C$343,$T$7,'연계대장'!$E$5:$E$343,F$2) -> 0 | G6: =countifs('연계대장'!$B$5:$B$343,$S$6,'연계대장'!$C$5:$C$343,$T$7,'연계대장'!$E$5:$E$343,G$2) -> 0 | H6: =countifs('연계대장'!$B$5:$B$343,$S$6,'연계대장'!$C$5:$C$343,$T$7,'연계대장'!$E$5:$E$343,H$2) -> 0 | I6: =countifs('연계대장'!$B$5:$B$343,$S$6,'연계대장'!$C$5:$C$343,$T$7,'연계대장'!$E$5:$E$343,I$2) -> 2 | J6: =countifs('연계대장'!$B$5:$B$343,$S$6,'연계대장'!$C$5:$C$343,$T$7,'연계대장'!$E$5:$E$343,J$2) -> 0 | K6: =countifs('연계대장'!$B$5:$B$343,$S$6,'연계대장'!$C$5:$C$343,$T$7,'연계대장'!$E$5:$E$343,K$2) -> 0 | L6: =countifs('연계대장'!$B$5:$B$343,$S$6,'연계대장'!$C$5:$C$343,$T7,'연계대장'!$I$5:$I$343,L$2) -> 0 | M6: =countifs('연계대장'!$B$5:$B$343,$S$6,'연계대장'!$C$5:$C$343,$T7,'연계대장'!$I$5:$I$343,M$2) -> 2 | N6: =countifs('연계대장'!$B$5:$B$343,$S$6,'연계대장'!$C$5:$C$343,$T7,'연계대장'!$I$5:$I$343,N$2) -> 0 | O6: =countifs('연계대장'!$B$5:$B$343,$S$6,'연계대장'!$C$5:$C$343,$T7,'연계대장'!$I$5:$I$343,O$2) -> 0 | P6: =countifs('연계대장'!$B$5:$B$343,$S$6,'연계대장'!$C$5:$C$343,$T7,'연계대장'!$I$5:$I$343,P$2) -> 0 | Q6: =countifs('연계대장'!$B$5:$B$343,$S$6,'연계대장'!$C$5:$C$343,$T7,'연계대장'!$I$5:$I$343,Q$2) -> 0 | S6: 1 | T6: 1
C7: 3 | D7: =countifs('연계대장'!$B$5:$B$343,$S$6,'연계대장'!$C$5:$C$343,$T8,'연계대장'!$L$5:$L$343,D$2) -> 1 | E7: =countifs('연계대장'!$B$5:$B$343,$S$6,'연계대장'!$C$5:$C$343,$T8,'연계대장'!$L$5:$L$343,E$2) -> 0 | F7: =countifs('연계대장'!$B$5:$B$343,$S$6,'연계대장'!$C$5:$C$343,$T$8,'연계대장'!$E$5:$E$343,F$2) -> 0 | G7: =countifs('연계대장'!$B$5:$B$343,$S$6,'연계대장'!$C$5:$C$343,$T$8,'연계대장'!$E$5:$E$343,G$2) -> 0 | H7: =countifs('연계대장'!$B$5:$B$343,$S$6,'연계대장'!$C$5:$C$343,$T$8,'연계대장'!$E$5:$E$343,H$2) -> 0 | I7: =countifs('연계대장'!$B$5:$B$343,$S$6,'연계대장'!$C$5:$C$343,$T$8,'연계대장'!$E$5:$E$343,I$2) -> 1 | J7: =countifs('연계대장'!$B$5:$B$343,$S$6,'연계대장'!$C$5:$C$343,$T$8,'연계대장'!$E$5:$E$343,J$2) -> 0 | K7: =countifs('연계대장'!$B$5:$B$343,$S$6,'연계대장'!$C$5:$C$343,$T$8,'연계대장'!$E$5:$E$343,K$2) -> 0 | L7: =countifs('연계대장'!$B$5:$B$343,$S$6,'연계대장'!$C$5:$C$343,$T8,'연계대장'!$I$5:$I$343,L$2) -> 1 | M7: =countifs('연계대장'!$B$5:$B$343,$S$6,'연계대장'!$C$5:$C$343,$T8,'연계대장'!$I$5:$I$343,M$2) -> 0 | N7: =countifs('연계대장'!$B$5:$B$343,$S$6,'연계대장'!$C$5:$C$343,$T8,'연계대장'!$I$5:$I$343,N$2) -> 0 | O7: =countifs('연계대장'!$B$5:$B$343,$S$6,'연계대장'!$C$5:$C$343,$T8,'연계대장'!$I$5:$I$343,O$2) -> 0 | P7: =countifs('연계대장'!$B$5:$B$343,$S$6,'연계대장'!$C$5:$C$343,$T8,'연계대장'!$I$5:$I$343,P$2) -> 0 | Q7: =countifs('연계대장'!$B$5:$B$343,$S$6,'연계대장'!$C$5:$C$343,$T8,'연계대장'!$I$5:$I$343,Q$2) -> 0 | S7: 2 | T7: 2
C8: 4 | D8: =countifs('연계대장'!$B$5:$B$343,$S$6,'연계대장'!$C$5:$C$343,$T9,'연계대장'!$L$5:$L$343,D$2) -> 4 | E8: =countifs('연계대장'!$B$5:$B$343,$S$6,'연계대장'!$C$5:$C$343,$T9,'연계대장'!$L$5:$L$343,E$2) -> 0 | F8: =countifs('연계대장'!$B$5:$B$343,$S$6,'연계대장'!$C$5:$C$343,$T$9,'연계대장'!$E$5:$E$343,F$2) -> 0 | G8: =countifs('연계대장'!$B$5:$B$343,$S$6,'연계대장'!$C$5:$C$343,$T$9,'연계대장'!$E$5:$E$343,G$2) -> 0 | H8: =countifs('연계대장'!$B$5:$B$343,$S$6,'연계대장'!$C$5:$C$343,$T$9,'연계대장'!$E$5:$E$343,H$2) -> 1 | I8: =countifs('연계대장'!$B$5:$B$343,$S$6,'연계대장'!$C$5:$C$343,$T$9,'연계대장'!$E$5:$E$343,I$2) -> 3 | J8: =countifs('연계대장'!$B$5:$B$343,$S$6,'연계대장'!$C$5:$C$343,$T$9,'연계대장'!$E$5:$E$343,J$2) -> 0 | K8: =countifs('연계대장'!$B$5:$B$343,$S$6,'연계대장'!$C$5:$C$343,$T$9,'연계대장'!$E$5:$E$343,K$2) -> 0 | L8: =countifs('연계대장'!$B$5:$B$343,$S$6,'연계대장'!$C$5:$C$343,$T9,'연계대장'!$I$5:$I$343,L$2) -> 4 | M8: =countifs('연계대장'!$B$5:$B$343,$S$6,'연계대장'!$C$5:$C$343,$T9,'연계대장'!$I$5:$I$343,M$2) -> 0 | N8: =countifs('연계대장'!$B$5:$B$343,$S$6,'연계대장'!$C$5:$C$343,$T9,'연계대장'!$I$5:$I$343,N$2) -> 0 | O8: =countifs('연계대장'!$B$5:$B$343,$S$6,'연계대장'!$C$5:$C$343,$T9,'연계대장'!$I$5:$I$343,O$2) -> 0 | P8: =countifs('연계대장'!$B$5:$B$343,$S$6,'연계대장'!$C$5:$C$343,$T9,'연계대장'!$I$5:$I$343,P$2) -> 0 | Q8: =countifs('연계대장'!$B$5:$B$343,$S$6,'연계대장'!$C$5:$C$343,$T9,'연계대장'!$I$5:$I$343,Q$2) -> 0 | S8: 3 | T8: 3
C9: 5 | D9: =countifs('연계대장'!$B$5:$B$343,$S$6,'연계대장'!$C$5:$C$343,$T10,'연계대장'!$L$5:$L$343,D$2) -> 0 | E9: =countifs('연계대장'!$B$5:$B$343,$S$6,'연계대장'!$C$5:$C$343,$T10,'연계대장'!$L$5:$L$343,E$2) -> 0 | F9: =countifs('연계대장'!$B$5:$B$343,$S$6,'연계대장'!$C$5:$C$343,$T$10,'연계대장'!$E$5:$E$343,F$2) -> 0 | G9: =countifs('연계대장'!$B$5:$B$343,$S$6,'연계대장'!$C$5:$C$343,$T$10,'연계대장'!$E$5:$E$343,G$2) -> 0 | H9: =countifs('연계대장'!$B$5:$B$343,$S$6,'연계대장'!$C$5:$C$343,$T$10,'연계대장'!$E$5:$E$343,H$2) -> 0 | I9: =countifs('연계대장'!$B$5:$B$343,$S$6,'연계대장'!$C$5:$C$343,$T$10,'연계대장'!$E$5:$E$343,I$2) -> 0 | J9: =countifs('연계대장'!$B$5:$B$343,$S$6,'연계대장'!$C$5:$C$343,$T$10,'연계대장'!$E$5:$E$343,J$2) -> 0 | K9: =countifs('연계대장'!$B$5:$B$343,$S$6,'연계대장'!$C$5:$C$343,$T$10,'연계대장'!$E$5:$E$343,K$2) -> 0 | L9: =countifs('연계대장'!$B$5:$B$343,$S$6,'연계대장'!$C$5:$C$343,$T10,'연계대장'!$I$5:$I$343,L$2) -> 0 | M9: =countifs('연계대장'!$B$5:$B$343,$S$6,'연계대장'!$C$5:$C$343,$T10,'연계대장'!$I$5:$I$343,M$2) -> 0 | N9: =countifs('연계대장'!$B$5:$B$343,$S$6,'연계대장'!$C$5:$C$343,$T10,'연계대장'!$I$5:$I$343,N$2) -> 0 | O9: =countifs('연계대장'!$B$5:$B$343,$S$6,'연계대장'!$C$5:$C$343,$T10,'연계대장'!$I$5:$I$343,O$2) -> 0 | P9: =countifs('연계대장'!$B$5:$B$343,$S$6,'연계대장'!$C$5:$C$343,$T10,'연계대장'!$I$5:$I$343,P$2) -> 0 | Q9: =countifs('연계대장'!$B$5:$B$343,$S$6,'연계대장'!$C$5:$C$343,$T10,'연계대장'!$I$5:$I$343,Q$2) -> 0 | S9: 4 | T9: 4
B10: 합 | D10: =sum(D5:D9) -> 11 | E10: =sum(E5:E9) -> 2 | F10: =sum(F5:F9) -> 0 | G10: =sum(G5:G9) -> 0 | H10: =sum(H5:H9) -> 2 | I10: =sum(I5:I9) -> 11 | J10: =sum(J5:J9) -> 0 | K10: =sum(K5:K9) -> 0 | ... Q10: =sum(Q5:Q9) -> 0 | S10: 5 | T10: 5
B11: 2월 | C11: 1 | D11: =countifs('연계대장'!$B$5:$B$343,$S$7,'연계대장'!$C$5:$C$343,$T6,'연계대장'!$L$5:$L$343,"남") -> 4 | E11: =countifs('연계대장'!$B$5:$B$343,$S$7,'연계대장'!$C$5:$C$343,$T6,'연계대장'!$L$5:$L$343,"여") -> 1 | F11: =countifs('연계대장'!$B$5:$B$343,$S$7,'연계대장'!$C$5:$C$343,$T6,'연계대장'!$E$5:$E$343,F$2) -> 0 | G11: =countifs('연계대장'!$B$5:$B$343,$S$7,'연계대장'!$C$5:$C$343,$T6,'연계대장'!$E$5:$E$343,G$2) -> 0 | H11: =countifs('연계대장'!$B$5:$B$343,$S$7,'연계대장'!$C$5:$C$343,$T6,'연계대장'!$E$5:$E$343,H$2) -> 0 | I11: =countifs('연계대장'!$B$5:$B$343,$S$7,'연계대장'!$C$5:$C$343,$T6,'연계대장'!$E$5:$E$343,I$2) -> 5 | J11: =countifs('연계대장'!$B$5:$B$343,$S$7,'연계대장'!$C$5:$C$343,$T6,'연계대장'!$E$5:$E$343,J$2) -> 0 | K11: =countifs('연계대장'!$B$5:$B$343,$S$7,'연계대장'!$C$5:$C$343,$T6,'연계대장'!$E$5:$E$343,K$2) -> 0 | L11: =countifs('연계대장'!$B$5:$B$343,$S$7,'연계대장'!$C$5:$C$343,$T6,'연계대장'!$I$5:$I$343,L$2) -> 0 | M11: =countifs('연계대장'!$B$5:$B$343,$S$7,'연계대장'!$C$5:$C$343,$T6,'연계대장'!$I$5:$I$343,M$2) -> 5 | N11: =countifs('연계대장'!$B$5:$B$343,$S$7,'연계대장'!$C$5:$C$343,$T6,'연계대장'!$I$5:$I$343,N$2) -> 0 | O11: =countifs('연계대장'!$B$5:$B$343,$S$7,'연계대장'!$C$5:$C$343,$T6,'연계대장'!$I$5:$I$343,O$2) -> 0 | P11: =countifs('연계대장'!$B$5:$B$343,$S$7,'연계대장'!$C$5:$C$343,$T6,'연계대장'!$I$5:$I$343,P$2) -> 0 | Q11: =countifs('연계대장'!$B$5:$B$343,$S$7,'연계대장'!$C$5:$C$343,$T6,'연계대장'!$I$5:$I$343,Q$2) -> 0 | S11: 6
C12: 2 | D12: =countifs('연계대장'!$B$5:$B$343,$S$7,'연계대장'!$C$5:$C$343,$T7,'연계대장'!$L$5:$L$343,"남") -> 3 | E12: =countifs('연계대장'!$B$5:$B$343,$S$7,'연계대장'!$C$5:$C$343,$T7,'연계대장'!$L$5:$L$343,"여") -> 1 | F12: =countifs('연계대장'!$B$5:$B$343,$S$7,'연계대장'!$C$5:$C$343,$T7,'연계대장'!$E$5:$E$343,F$2) -> 0 | G12: =countifs('연계대장'!$B$5:$B$343,$S$7,'연계대장'!$C$5:$C$343,$T7,'연계대장'!$E$5:$E$343,G$2) -> 0 | H12: =countifs('연계대장'!$B$5:$B$343,$S$7,'연계대장'!$C$5:$C$343,$T7,'연계대장'!$E$5:$E$343,H$2) -> 0 | I12: =countifs('연계대장'!$B$5:$B$343,$S$7,'연계대장'!$C$5:$C$343,$T7,'연계대장'!$E$5:$E$343,I$2) -> 4 | J12: =countifs('연계대장'!$B$5:$B$343,$S$7,'연계대장'!$C$5:$C$343,$T7,'연계대장'!$E$5:$E$343,J$2) -> 0 | K12: =countifs('연계대장'!$B$5:$B$343,$S$7,'연계대장'!$C$5:$C$343,$T7,'연계대장'!$E$5:$E$343,K$2) -> 0 | L12: =countifs('연계대장'!$B$5:$B$343,$S$7,'연계대장'!$C$5:$C$343,$T7,'연계대장'!$I$5:$I$343,L$2) -> 0 | M12: =countifs('연계대장'!$B$5:$B$343,$S$7,'연계대장'!$C$5:$C$343,$T7,'연계대장'!$I$5:$I$343,M$2) -> 4 | N12: =countifs('연계대장'!$B$5:$B$343,$S$7,'연계대장'!$C$5:$C$343,$T7,'연계대장'!$I$5:$I$343,N$2) -> 0 | O12: =countifs('연계대장'!$B$5:$B$343,$S$7,'연계대장'!$C$5:$C$343,$T7,'연계대장'!$I$5:$I$343,O$2) -> 0 | P12: =countifs('연계대장'!$B$5:$B$343,$S$7,'연계대장'!$C$5:$C$343,$T7,'연계대장'!$I$5:$I$343,P$2) -> 0 | Q12: =countifs('연계대장'!$B$5:$B$343,$S$7,'연계대장'!$C$5:$C$343,$T7,'연계대장'!$I$5:$I$343,Q$2) -> 0 | S12: 7
